{
  "supplemental": {
    "version": {
      "_number": "$Revision: 11914 $",
      "_unicodeVersion": "10.0.0",
      "_cldrVersion": "33"
    },
    "gender": {
      "personList": {
        "ar": "maleTaints",
        "ca": "maleTaints",
        "cs": "maleTaints",
        "es": "maleTaints",
        "fr": "maleTaints",
        "he": "maleTaints",
        "hi": "maleTaints",
        "hr": "maleTaints",
        "it": "maleTaints",
        "lt": "maleTaints",
        "lv": "maleTaints",
        "mr": "maleTaints",
        "nl": "maleTaints",
        "pl": "maleTaints",
        "pt": "maleTaints",
        "ro": "maleTaints",
        "ru": "maleTaints",
        "sk": "maleTaints",
        "sl": "maleTaints",
        "sr": "maleTaints",
        "uk": "maleTaints",
        "ur": "maleTaints",
        "zh": "maleTaints",
        "zh-Hant": "maleTaints",
        "el": "mixedNeutral",
        "is": "mixedNeutral",
        "af": "neutral",
        "bg": "neutral",
        "bn": "neutral",
        "da": "neutral",
        "de": "neutral",
        "en": "neutral",
        "et": "neutral",
        "eu": "neutral",
        "fa": "neutral",
        "fi": "neutral",
        "fil": "neutral",
        "gu": "neutral",
        "hu": "neutral",
        "id": "neutral",
        "ja": "neutral",
        "kn": "neutral",
        "ko": "neutral",
        "ml": "neutral",
        "ms": "neutral",
        "no": "neutral",
        "sv": "neutral",
        "sw": "neutral",
        "ta": "neutral",
        "te": "neutral",
        "th": "neutral",
        "tr": "neutral",
        "vi": "neutral",
        "zu": "neutral"
      }
    }
  }
}
