{
  "supplemental": {
    "version": {
      "_number": "$Revision: 13924 $",
      "_unicodeVersion": "10.0.0",
      "_cldrVersion": "33"
    },
    "primaryZones": {
      "CL": "America/Santiago",
      "CN": "Asia/Shanghai",
      "DE": "Europe/Berlin",
      "EC": "America/Guayaquil",
      "ES": "Europe/Madrid",
      "MH": "Pacific/Majuro",
      "MY": "Asia/Kuala_Lumpur",
      "NZ": "Pacific/Auckland",
      "PT": "Europe/Lisbon",
      "UA": "Europe/Kiev",
      "UZ": "Asia/Tashkent"
    }
  }
}
