{
  "main": {
    "nl-BE": {
      "identity": {
        "version": {
          "_number": "$Revision: 13839 $",
          "_cldrVersion": "33"
        },
        "language": "nl",
        "territory": "BE"
      },
      "listPatterns": {
        "listPattern-type-standard": {
          "start": "{0}, {1}",
          "middle": "{0}, {1}",
          "end": "{0} en {1}",
          "2": "{0} en {1}"
        },
        "listPattern-type-or": {
          "start": "{0}, {1}",
          "middle": "{0}, {1}",
          "end": "{0} of {1}",
          "2": "{0} of {1}"
        },
        "listPattern-type-standard-short": {
          "start": "{0}, {1}",
          "middle": "{0}, {1}",
          "end": "{0} en {1}",
          "2": "{0} en {1}"
        },
        "listPattern-type-unit": {
          "start": "{0}, {1}",
          "middle": "{0}, {1}",
          "end": "{0} en {1}",
          "2": "{0} en {1}"
        },
        "listPattern-type-unit-narrow": {
          "start": "{0}, {1}",
          "middle": "{0}, {1}",
          "end": "{0}, {1}",
          "2": "{0}, {1}"
        },
        "listPattern-type-unit-short": {
          "start": "{0}, {1}",
          "middle": "{0}, {1}",
          "end": "{0}, {1}",
          "2": "{0}, {1}"
        }
      }
    }
  }
}
