{
  "main": {
    "nl-BE": {
      "identity": {
        "version": {
          "_number": "$Revision: 13839 $",
          "_cldrVersion": "33"
        },
        "language": "nl",
        "territory": "BE"
      },
      "localeDisplayNames": {
        "scripts": {
          "Adlm": "Adlam",
          "Afak": "Defaka",
          "Aghb": "Kaukasisch Albanees",
          "Ahom": "Ahom",
          "Arab": "Arabisch",
          "Arab-alt-variant": "Perso-Arabisch",
          "Armi": "Keizerlijk Aramees",
          "Armn": "Armeens",
          "Avst": "Avestaans",
          "Bali": "Balinees",
          "Bamu": "Bamoun",
          "Bass": "Bassa Vah",
          "Batk": "Batak",
          "Beng": "Bengaals",
          "Bhks": "Bhaiksuki",
          "Blis": "Blissymbolen",
          "Bopo": "Bopomofo",
          "Brah": "Brahmi",
          "Brai": "Braille",
          "Bugi": "Buginees",
          "Buhd": "Buhid",
          "Cakm": "Chakma",
          "Cans": "Verenigde Canadese Aboriginal-symbolen",
          "Cari": "Carisch",
          "Cham": "Cham",
          "Cher": "Cherokee",
          "Cirt": "Cirth",
          "Copt": "Koptisch",
          "Cprt": "Cyprisch",
          "Cyrl": "Cyrillisch",
          "Cyrs": "Oudkerkslavisch Cyrillisch",
          "Deva": "Devanagari",
          "Dsrt": "Deseret",
          "Dupl": "Duployan snelschrift",
          "Egyd": "Egyptisch demotisch",
          "Egyh": "Egyptisch hiëratisch",
          "Egyp": "Egyptische hiërogliefen",
          "Elba": "Elbasan",
          "Ethi": "Ethiopisch",
          "Geok": "Georgisch Khutsuri",
          "Geor": "Georgisch",
          "Glag": "Glagolitisch",
          "Gonm": "Masaram Gondi",
          "Goth": "Gothisch",
          "Gran": "Grantha",
          "Grek": "Grieks",
          "Gujr": "Gujarati",
          "Guru": "Gurmukhi",
          "Hanb": "Hanb",
          "Hang": "Hangul",
          "Hani": "Han",
          "Hano": "Hanunoo",
          "Hans": "vereenvoudigd",
          "Hans-alt-stand-alone": "vereenvoudigd Chinees",
          "Hant": "traditioneel",
          "Hant-alt-stand-alone": "traditioneel Chinees",
          "Hatr": "Hatran",
          "Hebr": "Hebreeuws",
          "Hira": "Hiragana",
          "Hluw": "Anatolische hiërogliefen",
          "Hmng": "Pahawh Hmong",
          "Hrkt": "Katakana of Hiragana",
          "Hung": "Oudhongaars",
          "Inds": "Indus",
          "Ital": "Oud-italisch",
          "Jamo": "Jamo",
          "Java": "Javaans",
          "Jpan": "Japans",
          "Jurc": "Jurchen",
          "Kali": "Kayah Li",
          "Kana": "Katakana",
          "Khar": "Kharoshthi",
          "Khmr": "Khmer",
          "Khoj": "Khojki",
          "Knda": "Kannada",
          "Kore": "Koreaans",
          "Kpel": "Kpelle",
          "Kthi": "Kaithi",
          "Lana": "Lanna",
          "Laoo": "Laotiaans",
          "Latf": "Gotisch Latijns",
          "Latg": "Gaelisch Latijns",
          "Latn": "Latijns",
          "Lepc": "Lepcha",
          "Limb": "Limbu",
          "Lina": "Lineair A",
          "Linb": "Lineair B",
          "Lisu": "Fraser",
          "Loma": "Loma",
          "Lyci": "Lycisch",
          "Lydi": "Lydisch",
          "Mahj": "Mahajani",
          "Mand": "Mandaeans",
          "Mani": "Manicheaans",
          "Marc": "Marchen",
          "Maya": "Mayahiërogliefen",
          "Mend": "Mende",
          "Merc": "Meroitisch cursief",
          "Mero": "Meroïtisch",
          "Mlym": "Malayalam",
          "Modi": "Modi",
          "Mong": "Mongools",
          "Moon": "Moon",
          "Mroo": "Mro",
          "Mtei": "Meitei",
          "Mult": "Multani",
          "Mymr": "Birmaans",
          "Narb": "Oud Noord-Arabisch",
          "Nbat": "Nabateaans",
          "Newa": "Newari",
          "Nkgb": "Naxi Geba",
          "Nkoo": "N’Ko",
          "Nshu": "Nüshu",
          "Ogam": "Ogham",
          "Olck": "Ol Chiki",
          "Orkh": "Orkhon",
          "Orya": "Odia",
          "Osge": "Osage",
          "Osma": "Osmanya",
          "Palm": "Palmyreens",
          "Pauc": "Pau Cin Hau",
          "Perm": "Oudpermisch",
          "Phag": "Phags-pa",
          "Phli": "Inscriptioneel Pahlavi",
          "Phlp": "Psalmen Pahlavi",
          "Phlv": "Boek Pahlavi",
          "Phnx": "Foenicisch",
          "Plrd": "Pollard-fonetisch",
          "Prti": "Inscriptioneel Parthisch",
          "Qaaa": "Qaaa",
          "Qaab": "Qaab",
          "Qaac": "Qaac",
          "Qaad": "Qaad",
          "Qaae": "Qaae",
          "Qaaf": "Qaaf",
          "Qaag": "Qaag",
          "Qaah": "Qaah",
          "Qaak": "Qaak",
          "Qaal": "Qaal",
          "Qaam": "Qaam",
          "Qaan": "Qaan",
          "Qaao": "Qaao",
          "Qaap": "Qaap",
          "Qaaq": "Qaaq",
          "Qaar": "Qaar",
          "Qaas": "Qaas",
          "Qaat": "Qaat",
          "Qaau": "Qaau",
          "Qaav": "Qaav",
          "Qaaw": "Qaaw",
          "Qaax": "Qaax",
          "Qaay": "Qaay",
          "Qaaz": "Qaaz",
          "Qaba": "Qaba",
          "Qabb": "Qabb",
          "Qabc": "Qabc",
          "Qabd": "Qabd",
          "Qabe": "Qabe",
          "Qabf": "Qabf",
          "Qabg": "Qabg",
          "Qabh": "Qabh",
          "Qabi": "Qabi",
          "Qabj": "Qabj",
          "Qabk": "Qabk",
          "Qabl": "Qabl",
          "Qabm": "Qabm",
          "Qabn": "Qabn",
          "Qabo": "Qabo",
          "Qabp": "Qabp",
          "Qabq": "Qabq",
          "Qabr": "Qabr",
          "Qabs": "Qabs",
          "Qabt": "Qabt",
          "Qabu": "Qabu",
          "Qabv": "Qabv",
          "Qabw": "Qabw",
          "Qabx": "Qabx",
          "Rjng": "Rejang",
          "Roro": "Rongorongo",
          "Runr": "Runic",
          "Samr": "Samaritaans",
          "Sara": "Sarati",
          "Sarb": "Oud Zuid-Arabisch",
          "Saur": "Saurashtra",
          "Sgnw": "SignWriting",
          "Shaw": "Shavian",
          "Shrd": "Sharada",
          "Sidd": "Siddham",
          "Sind": "Sindhi",
          "Sinh": "Singalees",
          "Sora": "Sora Sompeng",
          "Soyo": "Soyombo",
          "Sund": "Soendanees",
          "Sylo": "Syloti Nagri",
          "Syrc": "Syriac",
          "Syre": "Estrangelo Aramees",
          "Syrj": "West-Aramees",
          "Syrn": "Oost-Aramees",
          "Tagb": "Tagbanwa",
          "Takr": "Takri",
          "Tale": "Tai Le",
          "Talu": "Nieuw Tai Lue",
          "Taml": "Tamil",
          "Tang": "Tangut",
          "Tavt": "Tai Viet",
          "Telu": "Telugu",
          "Teng": "Tengwar",
          "Tfng": "Tifinagh",
          "Tglg": "Tagalog",
          "Thaa": "Thaana",
          "Thai": "Thai",
          "Tibt": "Tibetaans",
          "Tirh": "Tirhuta",
          "Ugar": "Ugaritisch",
          "Vaii": "Vai",
          "Visp": "Zichtbare spraak",
          "Wara": "Varang Kshiti",
          "Wole": "Woleai",
          "Xpeo": "Oudperzisch",
          "Xsux": "Sumero-Akkadian Cuneiform",
          "Yiii": "Yi",
          "Zanb": "vierkant Zanabazar",
          "Zinh": "Overgeërfd",
          "Zmth": "Wiskundige notatie",
          "Zsye": "emoji",
          "Zsym": "Symbolen",
          "Zxxx": "ongeschreven",
          "Zyyy": "algemeen",
          "Zzzz": "onbekend schriftsysteem"
        }
      }
    }
  }
}
