{
  "main": {
    "nl-BE": {
      "identity": {
        "version": {
          "_number": "$Revision: 13839 $",
          "_cldrVersion": "33"
        },
        "language": "nl",
        "territory": "BE"
      },
      "localeDisplayNames": {
        "variants": {
          "1901": "Traditionele Duitse spelling",
          "1994": "Gestandaardiseerde Resiaanse spelling",
          "1996": "Duitse spelling van 1996",
          "1606NICT": "Laat Middelfrans tot 1606",
          "1694ACAD": "Vroeg modern Frans",
          "1959ACAD": "Academisch",
          "ABL1943": "Spellingsformulering van 1943",
          "AKUAPEM": "AKUAPEM",
          "ALALC97": "Romanisering ALA-LC, editie 1997",
          "ALUKU": "Aloekoe-dialect",
          "AO1990": "Portugese spellingsovereenkomst van 1990",
          "AREVELA": "Oost-Armeens",
          "AREVMDA": "West-Armeens",
          "ASANTE": "ASANTE",
          "BAKU1926": "Eenvormig Turkse Latijnse alfabet",
          "BALANKA": "Balanka-dialect van Anii",
          "BARLA": "Barlavento-dialectgroep van Kabuverdianu",
          "BASICENG": "Standaard Engels",
          "BAUDDHA": "Bauddha",
          "BISCAYAN": "Biskajaans",
          "BISKE": "San Giorgio/Bila-dialect",
          "BOHORIC": "Bohorič-alfabet",
          "BOONT": "Boontling",
          "COLB1945": "Portugese-Braziliaanse spellingsverdrag van 1945",
          "CORNU": "Cornu",
          "DAJNKO": "Dajnko-alfabet",
          "EKAVSK": "Servisch met Ekaviaanse uitspraak",
          "EMODENG": "Vroegmodern Engels",
          "FONIPA": "Internationaal Fonetisch Alfabet",
          "FONNAPA": "Fonnapa",
          "FONUPA": "Oeralisch Fonetisch Alfabet",
          "FONXSAMP": "Transcriptie volgens X-SAMPA",
          "HEPBURN": "Hepburn-romanisering",
          "HOGNORSK": "Hoognoors",
          "HSISTEMO": "H-sistemo",
          "IJEKAVSK": "Servisch met Ijekaviaanse uitspraak",
          "ITIHASA": "Episch Sanskriet",
          "IVANCHOV": "IVANCHOV",
          "JAUER": "Jauer",
          "JYUTPING": "Jyutping",
          "KKCOR": "Algemene spelling",
          "KOCIEWIE": "Kociewie",
          "KSCOR": "Standaardspelling",
          "LAUKIKA": "Laukika",
          "LIPAW": "Het Lipovaz-dialect van het Resiaans",
          "LUNA1918": "Russische spelling van 1917",
          "METELKO": "Metelko-alfabet",
          "MONOTON": "Monotonaal",
          "NDYUKA": "Ndyuka-dialect",
          "NEDIS": "Natisone-dialect",
          "NEWFOUND": "Newfound",
          "NJIVA": "Gniva/Njiva-dialect",
          "NULIK": "Modern Volapük",
          "OSOJS": "Oseacco/Osojane-dialect",
          "OXENDICT": "Spelling volgens het Oxford English Dictionary",
          "PAHAWH2": "Pahawh2",
          "PAHAWH3": "Pahawh3",
          "PAHAWH4": "Pahawh4",
          "PAMAKA": "Pamaka",
          "PETR1708": "Petr1708",
          "PINYIN": "Pinyin",
          "POLYTON": "Polytonaal",
          "POSIX": "Computer",
          "PUTER": "Puter",
          "REVISED": "Gewijzigde spelling",
          "RIGIK": "Klassiek Volapük",
          "ROZAJ": "Resiaans",
          "RUMGR": "Rumgr",
          "SAAHO": "Saho",
          "SCOTLAND": "Schots standaard-Engels",
          "SCOUSE": "Liverpools (Scouse)",
          "SIMPLE": "Simpel",
          "SOLBA": "Stolvizza/Solbica-dialect",
          "SOTAV": "Sotavento-dialectgroep van Kabuverdianu",
          "SPANGLIS": "Spanglis",
          "SURMIRAN": "Surmiran",
          "SURSILV": "Sursilvan",
          "SUTSILV": "Sutsilvan",
          "TARASK": "Taraskievica-spelling",
          "UCCOR": "Eenvormige spelling",
          "UCRCOR": "Eenvormig herziene spelling",
          "ULSTER": "Ulster",
          "UNIFON": "Unifon fonetisch alfabet",
          "VAIDIKA": "Vaidika",
          "VALENCIA": "Valenciaans",
          "VALLADER": "Vallader",
          "WADEGILE": "Wade-Giles-romanisering",
          "XSISTEMO": "X-sistemo"
        }
      }
    }
  }
}
