{
  "main": {
    "nl": {
      "identity": {
        "version": {
          "_number": "$Revision: 13920 $",
          "_cldrVersion": "33"
        },
        "language": "nl"
      },
      "dates": {
        "calendars": {
          "chinese": {
            "months": {
              "format": {
                "abbreviated": {
                  "1": "mnd 1",
                  "2": "mnd 2",
                  "3": "mnd 3",
                  "4": "mnd 4",
                  "5": "mnd 5",
                  "6": "mnd 6",
                  "7": "mnd 7",
                  "8": "mnd 8",
                  "9": "mnd 9",
                  "10": "mnd 10",
                  "11": "mnd 11",
                  "12": "mnd 12"
                },
                "narrow": {
                  "1": "1",
                  "2": "2",
                  "3": "3",
                  "4": "4",
                  "5": "5",
                  "6": "6",
                  "7": "7",
                  "8": "8",
                  "9": "9",
                  "10": "10",
                  "11": "11",
                  "12": "12"
                },
                "wide": {
                  "1": "maand 1",
                  "2": "maand 2",
                  "3": "maand 3",
                  "4": "maand 4",
                  "5": "maand 5",
                  "6": "maand 6",
                  "7": "maand 7",
                  "8": "maand 8",
                  "9": "maand 9",
                  "10": "maand 10",
                  "11": "maand 11",
                  "12": "maand 12"
                }
              },
              "stand-alone": {
                "abbreviated": {
                  "1": "mnd 1",
                  "2": "mnd 2",
                  "3": "mnd 3",
                  "4": "mnd 4",
                  "5": "mnd 5",
                  "6": "mnd 6",
                  "7": "mnd 7",
                  "8": "mnd 8",
                  "9": "mnd 9",
                  "10": "mnd 10",
                  "11": "mnd 11",
                  "12": "mnd 12"
                },
                "narrow": {
                  "1": "1",
                  "2": "2",
                  "3": "3",
                  "4": "4",
                  "5": "5",
                  "6": "6",
                  "7": "7",
                  "8": "8",
                  "9": "9",
                  "10": "10",
                  "11": "11",
                  "12": "12"
                },
                "wide": {
                  "1": "maand 1",
                  "2": "maand 2",
                  "3": "maand 3",
                  "4": "maand 4",
                  "5": "maand 5",
                  "6": "maand 6",
                  "7": "maand 7",
                  "8": "maand 8",
                  "9": "maand 9",
                  "10": "maand 10",
                  "11": "maand 11",
                  "12": "maand 12"
                }
              }
            },
            "monthPatterns": {
              "format": {
                "abbreviated": {
                  "leap": "{0}bis"
                },
                "narrow": {
                  "leap": "{0}b"
                },
                "wide": {
                  "leap": "{0}bis"
                }
              },
              "numeric": {
                "all": {
                  "leap": "{0}bis"
                }
              },
              "stand-alone": {
                "abbreviated": {
                  "leap": "{0}bis"
                },
                "narrow": {
                  "leap": "{0}b"
                },
                "wide": {
                  "leap": "{0}bis"
                }
              }
            },
            "days": {
              "format": {
                "abbreviated": {
                  "sun": "zo",
                  "mon": "ma",
                  "tue": "di",
                  "wed": "wo",
                  "thu": "do",
                  "fri": "vr",
                  "sat": "za"
                },
                "narrow": {
                  "sun": "Z",
                  "mon": "M",
                  "tue": "D",
                  "wed": "W",
                  "thu": "D",
                  "fri": "V",
                  "sat": "Z"
                },
                "short": {
                  "sun": "zo",
                  "mon": "ma",
                  "tue": "di",
                  "wed": "wo",
                  "thu": "do",
                  "fri": "vr",
                  "sat": "za"
                },
                "wide": {
                  "sun": "zondag",
                  "mon": "maandag",
                  "tue": "dinsdag",
                  "wed": "woensdag",
                  "thu": "donderdag",
                  "fri": "vrijdag",
                  "sat": "zaterdag"
                }
              },
              "stand-alone": {
                "abbreviated": {
                  "sun": "zo",
                  "mon": "ma",
                  "tue": "di",
                  "wed": "wo",
                  "thu": "do",
                  "fri": "vr",
                  "sat": "za"
                },
                "narrow": {
                  "sun": "Z",
                  "mon": "M",
                  "tue": "D",
                  "wed": "W",
                  "thu": "D",
                  "fri": "V",
                  "sat": "Z"
                },
                "short": {
                  "sun": "zo",
                  "mon": "ma",
                  "tue": "di",
                  "wed": "wo",
                  "thu": "do",
                  "fri": "vr",
                  "sat": "za"
                },
                "wide": {
                  "sun": "zondag",
                  "mon": "maandag",
                  "tue": "dinsdag",
                  "wed": "woensdag",
                  "thu": "donderdag",
                  "fri": "vrijdag",
                  "sat": "zaterdag"
                }
              }
            },
            "quarters": {
              "format": {
                "abbreviated": {
                  "1": "K1",
                  "2": "K2",
                  "3": "K3",
                  "4": "K4"
                },
                "narrow": {
                  "1": "1",
                  "2": "2",
                  "3": "3",
                  "4": "4"
                },
                "wide": {
                  "1": "1e kwartaal",
                  "2": "2e kwartaal",
                  "3": "3e kwartaal",
                  "4": "4e kwartaal"
                }
              },
              "stand-alone": {
                "abbreviated": {
                  "1": "K1",
                  "2": "K2",
                  "3": "K3",
                  "4": "K4"
                },
                "narrow": {
                  "1": "1",
                  "2": "2",
                  "3": "3",
                  "4": "4"
                },
                "wide": {
                  "1": "1e kwartaal",
                  "2": "2e kwartaal",
                  "3": "3e kwartaal",
                  "4": "4e kwartaal"
                }
              }
            },
            "dayPeriods": {
              "format": {
                "abbreviated": {
                  "midnight": "middernacht",
                  "am": "a.m.",
                  "pm": "p.m.",
                  "morning1": "‘s ochtends",
                  "afternoon1": "‘s middags",
                  "evening1": "‘s avonds",
                  "night1": "‘s nachts"
                },
                "narrow": {
                  "midnight": "middernacht",
                  "am": "a.m.",
                  "pm": "p.m.",
                  "morning1": "‘s ochtends",
                  "afternoon1": "‘s middags",
                  "evening1": "‘s avonds",
                  "night1": "‘s nachts"
                },
                "wide": {
                  "midnight": "middernacht",
                  "am": "a.m.",
                  "pm": "p.m.",
                  "morning1": "‘s ochtends",
                  "afternoon1": "‘s middags",
                  "evening1": "‘s avonds",
                  "night1": "‘s nachts"
                }
              },
              "stand-alone": {
                "abbreviated": {
                  "midnight": "middernacht",
                  "am": "a.m.",
                  "pm": "p.m.",
                  "morning1": "ochtend",
                  "afternoon1": "middag",
                  "evening1": "avond",
                  "night1": "nacht"
                },
                "narrow": {
                  "midnight": "middernacht",
                  "am": "a.m.",
                  "pm": "p.m.",
                  "morning1": "ochtend",
                  "afternoon1": "middag",
                  "evening1": "avond",
                  "night1": "nacht"
                },
                "wide": {
                  "midnight": "middernacht",
                  "am": "a.m.",
                  "pm": "p.m.",
                  "morning1": "ochtend",
                  "afternoon1": "middag",
                  "evening1": "avond",
                  "night1": "nacht"
                }
              }
            },
            "cyclicNameSets": {
              "dayParts": {
                "format": {
                  "abbreviated": {
                    "1": "zi",
                    "2": "chou",
                    "3": "yin",
                    "4": "mao",
                    "5": "chen",
                    "6": "si",
                    "7": "wu",
                    "8": "wei",
                    "9": "shen",
                    "10": "you",
                    "11": "xu",
                    "12": "hai"
                  },
                  "narrow": {
                    "1": "zi",
                    "2": "chou",
                    "3": "yin",
                    "4": "mao",
                    "5": "chen",
                    "6": "si",
                    "7": "wu",
                    "8": "wei",
                    "9": "shen",
                    "10": "you",
                    "11": "xu",
                    "12": "hai"
                  },
                  "wide": {
                    "1": "zi",
                    "2": "chou",
                    "3": "yin",
                    "4": "mao",
                    "5": "chen",
                    "6": "si",
                    "7": "wu",
                    "8": "wei",
                    "9": "shen",
                    "10": "you",
                    "11": "xu",
                    "12": "hai"
                  }
                }
              },
              "days": {
                "format": {
                  "abbreviated": {
                    "1": "jia-zi",
                    "2": "yi-chou",
                    "3": "bing-yin",
                    "4": "ding-mao",
                    "5": "wu-chen",
                    "6": "ji-si",
                    "7": "geng-wu",
                    "8": "xin-wei",
                    "9": "ren-shen",
                    "10": "gui-you",
                    "11": "jia-xu",
                    "12": "yi-hai",
                    "13": "bing-zi",
                    "14": "ding-chou",
                    "15": "wu-yin",
                    "16": "ji-mao",
                    "17": "geng-chen",
                    "18": "xin-si",
                    "19": "ren-wu",
                    "20": "gui-wei",
                    "21": "jia-shen",
                    "22": "yi-you",
                    "23": "bing-xu",
                    "24": "ding-hai",
                    "25": "wu-zi",
                    "26": "ji-chou",
                    "27": "geng-yin",
                    "28": "xin-mao",
                    "29": "ren-chen",
                    "30": "gui-si",
                    "31": "jia-wu",
                    "32": "yi-wei",
                    "33": "bing-shen",
                    "34": "ding-you",
                    "35": "wu-xu",
                    "36": "ji-hai",
                    "37": "geng-zi",
                    "38": "xin-chou",
                    "39": "ren-yin",
                    "40": "gui-mao",
                    "41": "jia-chen",
                    "42": "yi-si",
                    "43": "bing-wu",
                    "44": "ding-wei",
                    "45": "wu-shen",
                    "46": "ji-you",
                    "47": "geng-xu",
                    "48": "xin-hai",
                    "49": "ren-zi",
                    "50": "gui-chou",
                    "51": "jia-yin",
                    "52": "yi-mao",
                    "53": "bing-chen",
                    "54": "ding-si",
                    "55": "wu-wu",
                    "56": "ji-wei",
                    "57": "geng-shen",
                    "58": "xin-you",
                    "59": "ren-xu",
                    "60": "gui-hai"
                  },
                  "narrow": {
                    "1": "jia-zi",
                    "2": "yi-chou",
                    "3": "bing-yin",
                    "4": "ding-mao",
                    "5": "wu-chen",
                    "6": "ji-si",
                    "7": "geng-wu",
                    "8": "xin-wei",
                    "9": "ren-shen",
                    "10": "gui-you",
                    "11": "jia-xu",
                    "12": "yi-hai",
                    "13": "bing-zi",
                    "14": "ding-chou",
                    "15": "wu-yin",
                    "16": "ji-mao",
                    "17": "geng-chen",
                    "18": "xin-si",
                    "19": "ren-wu",
                    "20": "gui-wei",
                    "21": "jia-shen",
                    "22": "yi-you",
                    "23": "bing-xu",
                    "24": "ding-hai",
                    "25": "wu-zi",
                    "26": "ji-chou",
                    "27": "geng-yin",
                    "28": "xin-mao",
                    "29": "ren-chen",
                    "30": "gui-si",
                    "31": "jia-wu",
                    "32": "yi-wei",
                    "33": "bing-shen",
                    "34": "ding-you",
                    "35": "wu-xu",
                    "36": "ji-hai",
                    "37": "geng-zi",
                    "38": "xin-chou",
                    "39": "ren-yin",
                    "40": "gui-mao",
                    "41": "jia-chen",
                    "42": "yi-si",
                    "43": "bing-wu",
                    "44": "ding-wei",
                    "45": "wu-shen",
                    "46": "ji-you",
                    "47": "geng-xu",
                    "48": "xin-hai",
                    "49": "ren-zi",
                    "50": "gui-chou",
                    "51": "jia-yin",
                    "52": "yi-mao",
                    "53": "bing-chen",
                    "54": "ding-si",
                    "55": "wu-wu",
                    "56": "ji-wei",
                    "57": "geng-shen",
                    "58": "xin-you",
                    "59": "ren-xu",
                    "60": "gui-hai"
                  },
                  "wide": {
                    "1": "jia-zi",
                    "2": "yi-chou",
                    "3": "bing-yin",
                    "4": "ding-mao",
                    "5": "wu-chen",
                    "6": "ji-si",
                    "7": "geng-wu",
                    "8": "xin-wei",
                    "9": "ren-shen",
                    "10": "gui-you",
                    "11": "jia-xu",
                    "12": "yi-hai",
                    "13": "bing-zi",
                    "14": "ding-chou",
                    "15": "wu-yin",
                    "16": "ji-mao",
                    "17": "geng-chen",
                    "18": "xin-si",
                    "19": "ren-wu",
                    "20": "gui-wei",
                    "21": "jia-shen",
                    "22": "yi-you",
                    "23": "bing-xu",
                    "24": "ding-hai",
                    "25": "wu-zi",
                    "26": "ji-chou",
                    "27": "geng-yin",
                    "28": "xin-mao",
                    "29": "ren-chen",
                    "30": "gui-si",
                    "31": "jia-wu",
                    "32": "yi-wei",
                    "33": "bing-shen",
                    "34": "ding-you",
                    "35": "wu-xu",
                    "36": "ji-hai",
                    "37": "geng-zi",
                    "38": "xin-chou",
                    "39": "ren-yin",
                    "40": "gui-mao",
                    "41": "jia-chen",
                    "42": "yi-si",
                    "43": "bing-wu",
                    "44": "ding-wei",
                    "45": "wu-shen",
                    "46": "ji-you",
                    "47": "geng-xu",
                    "48": "xin-hai",
                    "49": "ren-zi",
                    "50": "gui-chou",
                    "51": "jia-yin",
                    "52": "yi-mao",
                    "53": "bing-chen",
                    "54": "ding-si",
                    "55": "wu-wu",
                    "56": "ji-wei",
                    "57": "geng-shen",
                    "58": "xin-you",
                    "59": "ren-xu",
                    "60": "gui-hai"
                  }
                }
              },
              "months": {
                "format": {
                  "abbreviated": {
                    "1": "jia-zi",
                    "2": "yi-chou",
                    "3": "bing-yin",
                    "4": "ding-mao",
                    "5": "wu-chen",
                    "6": "ji-si",
                    "7": "geng-wu",
                    "8": "xin-wei",
                    "9": "ren-shen",
                    "10": "gui-you",
                    "11": "jia-xu",
                    "12": "yi-hai",
                    "13": "bing-zi",
                    "14": "ding-chou",
                    "15": "wu-yin",
                    "16": "ji-mao",
                    "17": "geng-chen",
                    "18": "xin-si",
                    "19": "ren-wu",
                    "20": "gui-wei",
                    "21": "jia-shen",
                    "22": "yi-you",
                    "23": "bing-xu",
                    "24": "ding-hai",
                    "25": "wu-zi",
                    "26": "ji-chou",
                    "27": "geng-yin",
                    "28": "xin-mao",
                    "29": "ren-chen",
                    "30": "gui-si",
                    "31": "jia-wu",
                    "32": "yi-wei",
                    "33": "bing-shen",
                    "34": "ding-you",
                    "35": "wu-xu",
                    "36": "ji-hai",
                    "37": "geng-zi",
                    "38": "xin-chou",
                    "39": "ren-yin",
                    "40": "gui-mao",
                    "41": "jia-chen",
                    "42": "yi-si",
                    "43": "bing-wu",
                    "44": "ding-wei",
                    "45": "wu-shen",
                    "46": "ji-you",
                    "47": "geng-xu",
                    "48": "xin-hai",
                    "49": "ren-zi",
                    "50": "gui-chou",
                    "51": "jia-yin",
                    "52": "yi-mao",
                    "53": "bing-chen",
                    "54": "ding-si",
                    "55": "wu-wu",
                    "56": "ji-wei",
                    "57": "geng-shen",
                    "58": "xin-you",
                    "59": "ren-xu",
                    "60": "gui-hai"
                  },
                  "narrow": {
                    "1": "jia-zi",
                    "2": "yi-chou",
                    "3": "bing-yin",
                    "4": "ding-mao",
                    "5": "wu-chen",
                    "6": "ji-si",
                    "7": "geng-wu",
                    "8": "xin-wei",
                    "9": "ren-shen",
                    "10": "gui-you",
                    "11": "jia-xu",
                    "12": "yi-hai",
                    "13": "bing-zi",
                    "14": "ding-chou",
                    "15": "wu-yin",
                    "16": "ji-mao",
                    "17": "geng-chen",
                    "18": "xin-si",
                    "19": "ren-wu",
                    "20": "gui-wei",
                    "21": "jia-shen",
                    "22": "yi-you",
                    "23": "bing-xu",
                    "24": "ding-hai",
                    "25": "wu-zi",
                    "26": "ji-chou",
                    "27": "geng-yin",
                    "28": "xin-mao",
                    "29": "ren-chen",
                    "30": "gui-si",
                    "31": "jia-wu",
                    "32": "yi-wei",
                    "33": "bing-shen",
                    "34": "ding-you",
                    "35": "wu-xu",
                    "36": "ji-hai",
                    "37": "geng-zi",
                    "38": "xin-chou",
                    "39": "ren-yin",
                    "40": "gui-mao",
                    "41": "jia-chen",
                    "42": "yi-si",
                    "43": "bing-wu",
                    "44": "ding-wei",
                    "45": "wu-shen",
                    "46": "ji-you",
                    "47": "geng-xu",
                    "48": "xin-hai",
                    "49": "ren-zi",
                    "50": "gui-chou",
                    "51": "jia-yin",
                    "52": "yi-mao",
                    "53": "bing-chen",
                    "54": "ding-si",
                    "55": "wu-wu",
                    "56": "ji-wei",
                    "57": "geng-shen",
                    "58": "xin-you",
                    "59": "ren-xu",
                    "60": "gui-hai"
                  },
                  "wide": {
                    "1": "jia-zi",
                    "2": "yi-chou",
                    "3": "bing-yin",
                    "4": "ding-mao",
                    "5": "wu-chen",
                    "6": "ji-si",
                    "7": "geng-wu",
                    "8": "xin-wei",
                    "9": "ren-shen",
                    "10": "gui-you",
                    "11": "jia-xu",
                    "12": "yi-hai",
                    "13": "bing-zi",
                    "14": "ding-chou",
                    "15": "wu-yin",
                    "16": "ji-mao",
                    "17": "geng-chen",
                    "18": "xin-si",
                    "19": "ren-wu",
                    "20": "gui-wei",
                    "21": "jia-shen",
                    "22": "yi-you",
                    "23": "bing-xu",
                    "24": "ding-hai",
                    "25": "wu-zi",
                    "26": "ji-chou",
                    "27": "geng-yin",
                    "28": "xin-mao",
                    "29": "ren-chen",
                    "30": "gui-si",
                    "31": "jia-wu",
                    "32": "yi-wei",
                    "33": "bing-shen",
                    "34": "ding-you",
                    "35": "wu-xu",
                    "36": "ji-hai",
                    "37": "geng-zi",
                    "38": "xin-chou",
                    "39": "ren-yin",
                    "40": "gui-mao",
                    "41": "jia-chen",
                    "42": "yi-si",
                    "43": "bing-wu",
                    "44": "ding-wei",
                    "45": "wu-shen",
                    "46": "ji-you",
                    "47": "geng-xu",
                    "48": "xin-hai",
                    "49": "ren-zi",
                    "50": "gui-chou",
                    "51": "jia-yin",
                    "52": "yi-mao",
                    "53": "bing-chen",
                    "54": "ding-si",
                    "55": "wu-wu",
                    "56": "ji-wei",
                    "57": "geng-shen",
                    "58": "xin-you",
                    "59": "ren-xu",
                    "60": "gui-hai"
                  }
                }
              },
              "solarTerms": {
                "format": {
                  "abbreviated": {
                    "1": "begin van de lente",
                    "2": "regenwater",
                    "3": "insecten ontwaken",
                    "4": "lentepunt",
                    "5": "licht en helder",
                    "6": "nat graan",
                    "7": "begin van de zomer",
                    "8": "vol graan",
                    "9": "oogst graan",
                    "10": "zomerpunt",
                    "11": "warm",
                    "12": "heet",
                    "13": "begin van de herfst",
                    "14": "einde van de hitte",
                    "15": "witte dauw",
                    "16": "herfstpunt",
                    "17": "koude dauw",
                    "18": "eerste vorst",
                    "19": "begin van de winter",
                    "20": "lichte sneeuw",
                    "21": "zware sneeuw",
                    "22": "winterpunt",
                    "23": "koel",
                    "24": "koud"
                  },
                  "narrow": {
                    "1": "begin van de lente",
                    "2": "regenwater",
                    "3": "insecten ontwaken",
                    "4": "lentepunt",
                    "5": "licht en helder",
                    "6": "nat graan",
                    "7": "begin van de zomer",
                    "8": "vol graan",
                    "9": "oogst graan",
                    "10": "zomerpunt",
                    "11": "warm",
                    "12": "heet",
                    "13": "begin van de herfst",
                    "14": "einde van de hitte",
                    "15": "witte dauw",
                    "16": "herfstpunt",
                    "17": "koude dauw",
                    "18": "eerste vorst",
                    "19": "begin van de winter",
                    "20": "lichte sneeuw",
                    "21": "zware sneeuw",
                    "22": "winterpunt",
                    "23": "koel",
                    "24": "koud"
                  },
                  "wide": {
                    "1": "begin van de lente",
                    "2": "regenwater",
                    "3": "insecten ontwaken",
                    "4": "lentepunt",
                    "5": "licht en helder",
                    "6": "nat graan",
                    "7": "begin van de zomer",
                    "8": "vol graan",
                    "9": "oogst graan",
                    "10": "zomerpunt",
                    "11": "warm",
                    "12": "heet",
                    "13": "begin van de herfst",
                    "14": "einde van de hitte",
                    "15": "witte dauw",
                    "16": "herfstpunt",
                    "17": "koude dauw",
                    "18": "eerste vorst",
                    "19": "begin van de winter",
                    "20": "lichte sneeuw",
                    "21": "zware sneeuw",
                    "22": "winterpunt",
                    "23": "koel",
                    "24": "koud"
                  }
                }
              },
              "years": {
                "format": {
                  "abbreviated": {
                    "1": "jia-zi",
                    "2": "yi-chou",
                    "3": "bing-yin",
                    "4": "ding-mao",
                    "5": "wu-chen",
                    "6": "ji-si",
                    "7": "geng-wu",
                    "8": "xin-wei",
                    "9": "ren-shen",
                    "10": "gui-you",
                    "11": "jia-xu",
                    "12": "yi-hai",
                    "13": "bing-zi",
                    "14": "ding-chou",
                    "15": "wu-yin",
                    "16": "ji-mao",
                    "17": "geng-chen",
                    "18": "xin-si",
                    "19": "ren-wu",
                    "20": "gui-wei",
                    "21": "jia-shen",
                    "22": "yi-you",
                    "23": "bing-xu",
                    "24": "ding-hai",
                    "25": "wu-zi",
                    "26": "ji-chou",
                    "27": "geng-yin",
                    "28": "xin-mao",
                    "29": "ren-chen",
                    "30": "gui-si",
                    "31": "jia-wu",
                    "32": "yi-wei",
                    "33": "bing-shen",
                    "34": "ding-you",
                    "35": "wu-xu",
                    "36": "ji-hai",
                    "37": "geng-zi",
                    "38": "xin-chou",
                    "39": "ren-yin",
                    "40": "gui-mao",
                    "41": "jia-chen",
                    "42": "yi-si",
                    "43": "bing-wu",
                    "44": "ding-wei",
                    "45": "wu-shen",
                    "46": "ji-you",
                    "47": "geng-xu",
                    "48": "xin-hai",
                    "49": "ren-zi",
                    "50": "gui-chou",
                    "51": "jia-yin",
                    "52": "yi-mao",
                    "53": "bing-chen",
                    "54": "ding-si",
                    "55": "wu-wu",
                    "56": "ji-wei",
                    "57": "geng-shen",
                    "58": "xin-you",
                    "59": "ren-xu",
                    "60": "gui-hai"
                  },
                  "narrow": {
                    "1": "jia-zi",
                    "2": "yi-chou",
                    "3": "bing-yin",
                    "4": "ding-mao",
                    "5": "wu-chen",
                    "6": "ji-si",
                    "7": "geng-wu",
                    "8": "xin-wei",
                    "9": "ren-shen",
                    "10": "gui-you",
                    "11": "jia-xu",
                    "12": "yi-hai",
                    "13": "bing-zi",
                    "14": "ding-chou",
                    "15": "wu-yin",
                    "16": "ji-mao",
                    "17": "geng-chen",
                    "18": "xin-si",
                    "19": "ren-wu",
                    "20": "gui-wei",
                    "21": "jia-shen",
                    "22": "yi-you",
                    "23": "bing-xu",
                    "24": "ding-hai",
                    "25": "wu-zi",
                    "26": "ji-chou",
                    "27": "geng-yin",
                    "28": "xin-mao",
                    "29": "ren-chen",
                    "30": "gui-si",
                    "31": "jia-wu",
                    "32": "yi-wei",
                    "33": "bing-shen",
                    "34": "ding-you",
                    "35": "wu-xu",
                    "36": "ji-hai",
                    "37": "geng-zi",
                    "38": "xin-chou",
                    "39": "ren-yin",
                    "40": "gui-mao",
                    "41": "jia-chen",
                    "42": "yi-si",
                    "43": "bing-wu",
                    "44": "ding-wei",
                    "45": "wu-shen",
                    "46": "ji-you",
                    "47": "geng-xu",
                    "48": "xin-hai",
                    "49": "ren-zi",
                    "50": "gui-chou",
                    "51": "jia-yin",
                    "52": "yi-mao",
                    "53": "bing-chen",
                    "54": "ding-si",
                    "55": "wu-wu",
                    "56": "ji-wei",
                    "57": "geng-shen",
                    "58": "xin-you",
                    "59": "ren-xu",
                    "60": "gui-hai"
                  },
                  "wide": {
                    "1": "jia-zi",
                    "2": "yi-chou",
                    "3": "bing-yin",
                    "4": "ding-mao",
                    "5": "wu-chen",
                    "6": "ji-si",
                    "7": "geng-wu",
                    "8": "xin-wei",
                    "9": "ren-shen",
                    "10": "gui-you",
                    "11": "jia-xu",
                    "12": "yi-hai",
                    "13": "bing-zi",
                    "14": "ding-chou",
                    "15": "wu-yin",
                    "16": "ji-mao",
                    "17": "geng-chen",
                    "18": "xin-si",
                    "19": "ren-wu",
                    "20": "gui-wei",
                    "21": "jia-shen",
                    "22": "yi-you",
                    "23": "bing-xu",
                    "24": "ding-hai",
                    "25": "wu-zi",
                    "26": "ji-chou",
                    "27": "geng-yin",
                    "28": "xin-mao",
                    "29": "ren-chen",
                    "30": "gui-si",
                    "31": "jia-wu",
                    "32": "yi-wei",
                    "33": "bing-shen",
                    "34": "ding-you",
                    "35": "wu-xu",
                    "36": "ji-hai",
                    "37": "geng-zi",
                    "38": "xin-chou",
                    "39": "ren-yin",
                    "40": "gui-mao",
                    "41": "jia-chen",
                    "42": "yi-si",
                    "43": "bing-wu",
                    "44": "ding-wei",
                    "45": "wu-shen",
                    "46": "ji-you",
                    "47": "geng-xu",
                    "48": "xin-hai",
                    "49": "ren-zi",
                    "50": "gui-chou",
                    "51": "jia-yin",
                    "52": "yi-mao",
                    "53": "bing-chen",
                    "54": "ding-si",
                    "55": "wu-wu",
                    "56": "ji-wei",
                    "57": "geng-shen",
                    "58": "xin-you",
                    "59": "ren-xu",
                    "60": "gui-hai"
                  }
                }
              },
              "zodiacs": {
                "format": {
                  "abbreviated": {
                    "1": "Rat",
                    "2": "Os",
                    "3": "Tijger",
                    "4": "Konijn",
                    "5": "Draak",
                    "6": "Slang",
                    "7": "Paard",
                    "8": "Geit",
                    "9": "Aap",
                    "10": "Haan",
                    "11": "Hond",
                    "12": "Varken"
                  },
                  "narrow": {
                    "1": "Rat",
                    "2": "Os",
                    "3": "Tijger",
                    "4": "Konijn",
                    "5": "Draak",
                    "6": "Slang",
                    "7": "Paard",
                    "8": "Geit",
                    "9": "Aap",
                    "10": "Haan",
                    "11": "Hond",
                    "12": "Varken"
                  },
                  "wide": {
                    "1": "Rat",
                    "2": "Os",
                    "3": "Tijger",
                    "4": "Konijn",
                    "5": "Draak",
                    "6": "Slang",
                    "7": "Paard",
                    "8": "Geit",
                    "9": "Aap",
                    "10": "Haan",
                    "11": "Hond",
                    "12": "Varken"
                  }
                }
              }
            },
            "dateFormats": {
              "full": "EEEE d MMMM U",
              "long": "d MMMM U",
              "medium": "d MMM U",
              "short": "dd-MM-yy"
            },
            "timeFormats": {
              "full": "HH:mm:ss zzzz",
              "long": "HH:mm:ss z",
              "medium": "HH:mm:ss",
              "short": "HH:mm"
            },
            "dateTimeFormats": {
              "full": "{1} {0}",
              "long": "{1} {0}",
              "medium": "{1} {0}",
              "short": "{1} {0}",
              "availableFormats": {
                "Bh": "h B",
                "Bhm": "h:mm B",
                "Bhms": "h:mm:ss B",
                "d": "d",
                "E": "ccc",
                "EBhm": "E h:mm B",
                "EBhms": "E h:mm:ss B",
                "Ed": "E d",
                "Gy": "U",
                "GyMMM": "MMM U",
                "GyMMMd": "d MMM U",
                "GyMMMEd": "E d MMM U",
                "h": "h a",
                "H": "HH",
                "hm": "h:mm a",
                "Hm": "HH:mm",
                "hms": "h:mm:ss a",
                "Hms": "HH:mm:ss",
                "M": "L",
                "Md": "d-M",
                "MEd": "E d-M",
                "MMM": "LLL",
                "MMMd": "d MMM",
                "MMMEd": "E d MMM",
                "MMMMd": "d MMMM",
                "ms": "mm:ss",
                "UM": "U MM",
                "UMd": "U MM-d",
                "UMMM": "U MMM",
                "UMMMd": "U MMM d",
                "y": "U",
                "yMd": "y-MM-dd",
                "yyyy": "U",
                "yyyyM": "M-y",
                "yyyyMd": "d-M-y",
                "yyyyMEd": "E d-M-y",
                "yyyyMMM": "MMM U",
                "yyyyMMMd": "d MMM U",
                "yyyyMMMEd": "E d MMM U",
                "yyyyMMMM": "MMMM U",
                "yyyyQQQ": "QQQ U",
                "yyyyQQQQ": "QQQQ U"
              },
              "appendItems": {
                "Day": "{0} ({2}: {1})",
                "Day-Of-Week": "{0} {1}",
                "Era": "{1} {0}",
                "Hour": "{0} ({2}: {1})",
                "Minute": "{0} ({2}: {1})",
                "Month": "{0} ({2}: {1})",
                "Quarter": "{0} ({2}: {1})",
                "Second": "{0} ({2}: {1})",
                "Timezone": "{0} {1}",
                "Week": "{0} ({2}: {1})",
                "Year": "{1} {0}"
              },
              "intervalFormats": {
                "intervalFormatFallback": "{0} – {1}",
                "d": {
                  "d": "d–d"
                },
                "h": {
                  "a": "h a – h a",
                  "h": "h–h a"
                },
                "H": {
                  "H": "HH–HH"
                },
                "hm": {
                  "a": "h:mm a – h:mm a",
                  "h": "h:mm–h:mm a",
                  "m": "h:mm–h:mm a"
                },
                "Hm": {
                  "H": "HH:mm–HH:mm",
                  "m": "HH:mm–HH:mm"
                },
                "hmv": {
                  "a": "h:mm a – h:mm a v",
                  "h": "h:mm–h:mm a v",
                  "m": "h:mm–h:mm a v"
                },
                "Hmv": {
                  "H": "HH:mm–HH:mm v",
                  "m": "HH:mm–HH:mm v"
                },
                "hv": {
                  "a": "h a – h a v",
                  "h": "h–h a v"
                },
                "Hv": {
                  "H": "HH–HH v"
                },
                "M": {
                  "M": "MM–MM"
                },
                "Md": {
                  "d": "MM-dd – MM-dd",
                  "M": "MM-dd – MM-dd"
                },
                "MEd": {
                  "d": "MM-dd, E – MM-dd, E",
                  "M": "MM-dd, E – MM-dd, E"
                },
                "MMM": {
                  "M": "LLL–LLL"
                },
                "MMMd": {
                  "d": "MMM d–d",
                  "M": "MMM d – MMM d"
                },
                "MMMEd": {
                  "d": "MMM d, E – MMM d, E",
                  "M": "MMM d, E – MMM d, E"
                },
                "y": {
                  "y": "U–U"
                },
                "yM": {
                  "M": "y-MM – y-MM",
                  "y": "y-MM – y-MM"
                },
                "yMd": {
                  "d": "y-MM-dd – y-MM-dd",
                  "M": "y-MM-dd – y-MM-dd",
                  "y": "y-MM-dd – y-MM-dd"
                },
                "yMEd": {
                  "d": "y-MM-dd, E – y-MM-dd, E",
                  "M": "y-MM-dd, E – y-MM-dd, E",
                  "y": "y-MM-dd, E – y-MM-dd, E"
                },
                "yMMM": {
                  "M": "U MMM–MMM",
                  "y": "U MMM – U MMM"
                },
                "yMMMd": {
                  "d": "U MMM d–d",
                  "M": "U MMM d – MMM d",
                  "y": "U MMM d – U MMM d"
                },
                "yMMMEd": {
                  "d": "U MMM d, E – MMM d, E",
                  "M": "U MMM d, E – MMM d, E",
                  "y": "U MMM d, E – U MMM d, E"
                },
                "yMMMM": {
                  "M": "U MMMM–MMMM",
                  "y": "U MMMM – U MMMM"
                }
              }
            }
          }
        }
      }
    }
  }
}
