{
  "main": {
    "nl": {
      "identity": {
        "version": {
          "_number": "$Revision: 13920 $",
          "_cldrVersion": "33"
        },
        "language": "nl"
      },
      "characters": {
        "exemplarCharacters": "[a á ä b c d e é ë f g h i í ï {ij} {íj\\u0301} j k l m n o ó ö p q r s t u ú ü v w x y z]",
        "auxiliary": "[à â å ã æ ç è ê î ñ ô ø œ ù û ÿ]",
        "index": "[A B C D E F G H I J K L M N O P Q R S T U V W X Y Z]",
        "numbers": "[\\\\- , . % ‰ + 0 1 2 3 4 5 6 7 8 9]",
        "punctuation": "[\\\\- ‐ – — , ; \\\\: ! ? . … ' ‘ ’ \\\" “ ” ( ) \\\\[ \\\\] § @ * / \\\\& # † ‡ ′ ″]",
        "ellipsis": {
          "final": "{0}…",
          "initial": "…{0}",
          "medial": "{0}…{1}",
          "word-final": "{0} …",
          "word-initial": "… {0}",
          "word-medial": "{0} … {1}"
        },
        "moreInformation": "?",
        "lenient-scope-date": {
          "-": "[\\\\--/]",
          ":": "[\\\\:∶]"
        },
        "lenient-scope-general": {
          ".": "[.․。︒﹒．｡]",
          "$": "[\\\\$﹩＄$]",
          "£": "[£₤]",
          "₹": "[₨₹{Rp}{Rs}]"
        },
        "lenient-scope-number": {
          "-": "[\\\\-‒⁻₋−➖﹣－]",
          ",": "[,،٫、︐︑﹐﹑，､]",
          "+": "[+⁺₊➕﬩﹢＋]"
        },
        "stricter-scope-number": {
          ",": "[,٫︐﹐，]",
          ".": "[.․﹒．｡]"
        }
      }
    }
  }
}
