{
  "main": {
    "nl": {
      "identity": {
        "version": {
          "_number": "$Revision: 13920 $",
          "_cldrVersion": "33"
        },
        "language": "nl"
      },
      "contextTransforms": {
        "day-format-except-narrow": {
          "stand-alone": "titlecase-firstword",
          "uiListOrMenu": "titlecase-firstword"
        },
        "day-standalone-except-narrow": {
          "stand-alone": "titlecase-firstword",
          "uiListOrMenu": "titlecase-firstword"
        },
        "month-format-except-narrow": {
          "stand-alone": "titlecase-firstword",
          "uiListOrMenu": "titlecase-firstword"
        },
        "month-standalone-except-narrow": {
          "stand-alone": "titlecase-firstword",
          "uiListOrMenu": "titlecase-firstword"
        },
        "relative": {
          "stand-alone": "titlecase-firstword",
          "uiListOrMenu": "titlecase-firstword"
        },
        "typographicNames": {
          "stand-alone": "titlecase-firstword",
          "uiListOrMenu": "titlecase-firstword"
        }
      }
    }
  }
}
