{
  "main": {
    "nl": {
      "identity": {
        "version": {
          "_number": "$Revision: 13920 $",
          "_cldrVersion": "33"
        },
        "language": "nl"
      },
      "localeDisplayNames": {
        "localeDisplayPattern": {
          "localePattern": "{0} ({1})",
          "localeSeparator": "{0}, {1}",
          "localeKeyTypePattern": "{0}: {1}"
        },
        "keys": {
          "calendar": "kalender",
          "cf": "valutanotatie",
          "colAlternate": "Sorteren van symbolen negeren",
          "colBackwards": "Omgekeerd sorteren op accenten",
          "colCaseFirst": "Indelen op hoofdletters/kleine letters",
          "colCaseLevel": "Hoofdlettergevoelig sorteren",
          "collation": "sorteervolgorde",
          "colNormalization": "Genormaliseerd sorteren",
          "colNumeric": "Numeriek sorteren",
          "colStrength": "Sorteervoorrang",
          "currency": "valuta",
          "hc": "uursysteem (12 of 24)",
          "lb": "stijl regelafbreking",
          "ms": "maatsysteem",
          "numbers": "cijfers",
          "timezone": "Tijdzone",
          "va": "Landvariant",
          "x": "Privégebruik"
        },
        "types": {
          "calendar": {
            "buddhist": "Boeddhistische kalender",
            "chinese": "Chinese kalender",
            "coptic": "Koptische kalender",
            "dangi": "Dangi-kalender",
            "ethiopic": "Ethiopische kalender",
            "ethiopic-amete-alem": "Ethiopische Amete Alem-kalender",
            "gregorian": "Gregoriaanse kalender",
            "hebrew": "Hebreeuwse kalender",
            "indian": "Indiase nationale kalender",
            "islamic": "Islamitische kalender",
            "islamic-civil": "Islamitische kalender (cyclisch)",
            "islamic-rgsa": "Islamitische kalender (Saudi–Arabië)",
            "islamic-tbla": "Islamitische kalender (epoche)",
            "islamic-umalqura": "Islamitische kalender (Umm al-Qura)",
            "iso8601": "ISO-8601-kalender",
            "japanese": "Japanse kalender",
            "persian": "Perzische kalender",
            "roc": "Kalender van de Chinese Republiek"
          },
          "cf": {
            "account": "financiële valutanotatie",
            "standard": "standaard valutanotatie"
          },
          "colAlternate": {
            "non-ignorable": "Symbolen sorteren",
            "shifted": "Sorteren zonder symbolen"
          },
          "colBackwards": {
            "no": "Normaal sorteren op accenten",
            "yes": "Omgekeerd sorteren op accenten"
          },
          "colCaseFirst": {
            "lower": "Eerst sorteren op kleine letters",
            "no": "Sorteervolgorde algemeen hoofdlettergebruik",
            "upper": "Eerst sorteren op hoofdletters"
          },
          "colCaseLevel": {
            "no": "Niet hoofdlettergevoelig sorteren",
            "yes": "Hoofdlettergevoelig sorteren"
          },
          "collation": {
            "big5han": "Traditioneel-Chinese sorteervolgorde - Big5",
            "compat": "vorige sorteervolgorde, voor compatibiliteit",
            "dictionary": "Woordenboeksorteervolgorde",
            "ducet": "standaard Unicode-sorteervolgorde",
            "emoji": "emojisorteervolgorde",
            "eor": "Europese sorteerregels",
            "gb2312han": "Vereenvoudigd-Chinese sorteervolgorde - GB2312",
            "phonebook": "Telefoonboeksorteervolgorde",
            "phonetic": "Fonetische sorteervolgorde",
            "pinyin": "Pinyinvolgorde",
            "reformed": "Herziene sorteervolgorde",
            "search": "algemeen zoeken",
            "searchjl": "Zoeken op eerste Hangul-medeklinker",
            "standard": "standaard sorteervolgorde",
            "stroke": "Streeksorteervolgorde",
            "traditional": "Traditionele sorteervolgorde",
            "unihan": "Sorteervolgorde radicalen/strepen",
            "zhuyin": "Zhuyinvolgorde"
          },
          "colNormalization": {
            "no": "Zonder normalisatie sorteren",
            "yes": "Unicode genormaliseerd sorteren"
          },
          "colNumeric": {
            "no": "Cijfers afzonderlijk sorteren",
            "yes": "Cijfers numeriek sorteren"
          },
          "colStrength": {
            "identical": "Alles sorteren",
            "primary": "Alleen sorteren op letters",
            "quaternary": "Sorteren op accenten/hoofdlettergebruik/breedte/Kana",
            "secondary": "Sorteren op accenten",
            "tertiary": "Sorteren op accenten/hoofdlettergebruik/breedte"
          },
          "d0": {
            "fwidth": "Volledige breedte",
            "hwidth": "Halve breedte",
            "npinyin": "Numeriek"
          },
          "hc": {
            "h11": "12-uursysteem (0-11)",
            "h12": "12-uursysteem (1-12)",
            "h23": "24-uursysteem (0-23)",
            "h24": "24-uursysteem (1-24)"
          },
          "lb": {
            "loose": "losse stijl regelafbreking",
            "normal": "normale stijl regelafbreking",
            "strict": "strikte stijl regelafbreking"
          },
          "m0": {
            "bgn": "BGN",
            "ungegn": "UNGEGN"
          },
          "ms": {
            "metric": "metriek stelsel",
            "uksystem": "Brits imperiaal stelsel",
            "ussystem": "Amerikaans imperiaal stelsel"
          },
          "numbers": {
            "ahom": "Ahom cijfers",
            "arab": "Arabisch-Indische cijfers",
            "arabext": "uitgebreide Arabisch-Indische cijfers",
            "armn": "Armeense cijfers",
            "armnlow": "kleine Armeense cijfers",
            "bali": "Balinese cijfers",
            "beng": "Bengaalse cijfers",
            "brah": "Brahmi cijfers",
            "cakm": "Chakma cijfers",
            "cham": "Cham cijfers",
            "cyrl": "Cyrillische cijfers",
            "deva": "Devanagari cijfers",
            "ethi": "Ethiopische cijfers",
            "finance": "Financiële cijfers",
            "fullwide": "cijfers met volledige breedte",
            "geor": "Georgische cijfers",
            "gonm": "Masaram Gondi cijfers",
            "grek": "Griekse cijfers",
            "greklow": "kleine Griekse cijfers",
            "gujr": "Gujarati cijfers",
            "guru": "Gurmukhi cijfers",
            "hanidec": "Chinese decimale getallen",
            "hans": "vereenvoudigd Chinese cijfers",
            "hansfin": "vereenvoudigd Chinese financiële cijfers",
            "hant": "traditioneel Chinese cijfers",
            "hantfin": "traditioneel Chinese financiële cijfers",
            "hebr": "Hebreeuwse cijfers",
            "hmng": "Pahawh Hmong cijfers",
            "java": "Javaanse cijfers",
            "jpan": "Japanse cijfers",
            "jpanfin": "Japanse financiële cijfers",
            "kali": "Kayah Li cijfers",
            "khmr": "Khmer cijfers",
            "knda": "Kannada cijfers",
            "lana": "Tai Tham Hora cijfers",
            "lanatham": "Tai Tham Tham cijfers",
            "laoo": "Laotiaanse cijfers",
            "latn": "Westerse cijfers",
            "lepc": "Lepcha cijfers",
            "limb": "Limbu cijfers",
            "mathbold": "vette wiskundige cijfers",
            "mathdbl": "wiskundige cijfers met dubbele lijn",
            "mathmono": "niet-proportionele wiskundige cijfers",
            "mathsanb": "schreefloze vette wiskundige cijfers",
            "mathsans": "schreefloze wiskundige cijfers",
            "mlym": "Malayalam cijfers",
            "modi": "Modi cijfers",
            "mong": "Mongoolse cijfers",
            "mroo": "Mro cijfers",
            "mtei": "Meetei Mayek cijfers",
            "mymr": "Myanmarese cijfers",
            "mymrshan": "Myanmarese Shan cijfers",
            "mymrtlng": "Myanmar Tai Laing cijfers",
            "native": "Binnenlandse cijfers",
            "nkoo": "N’Ko cijfers",
            "olck": "Ol Chiki cijfers",
            "orya": "Odia cijfers",
            "osma": "Osmanya cijfers",
            "roman": "Romeinse cijfers",
            "romanlow": "kleine Romeinse cijfers",
            "saur": "Saurashtra cijfers",
            "shrd": "Sharada cijfers",
            "sind": "Khudawadi cijfers",
            "sinh": "Sinhala Lith cijfers",
            "sora": "Sora Sompeng cijfers",
            "sund": "Sundanese cijfers",
            "takr": "Takri cijfers",
            "talu": "nieuwe Tai Lue cijfers",
            "taml": "traditionele Tamil cijfers",
            "tamldec": "Tamil cijfers",
            "telu": "Telugu cijfers",
            "thai": "Thaise cijfers",
            "tibt": "Tibetaanse cijfers",
            "tirh": "Tirhuta cijfers",
            "traditional": "Traditionele cijfers",
            "vaii": "Vai-cijfers",
            "wara": "Warang Citi cijfers"
          }
        },
        "codePatterns": {
          "language": "Taal: {0}",
          "script": "Schrift: {0}",
          "territory": "Regio: {0}"
        }
      }
    }
  }
}
