{
  "main": {
    "nl": {
      "identity": {
        "version": {
          "_number": "$Revision: 13920 $",
          "_cldrVersion": "33"
        },
        "language": "nl"
      },
      "units": {
        "long": {
          "per": {
            "compoundUnitPattern": "{0} per {1}"
          },
          "acceleration-g-force": {
            "displayName": "G-krachten",
            "unitPattern-count-one": "{0} G-kracht",
            "unitPattern-count-other": "{0} G-krachten"
          },
          "acceleration-meter-per-second-squared": {
            "displayName": "meter per seconde kwadraat",
            "unitPattern-count-one": "{0} meter per seconde kwadraat",
            "unitPattern-count-other": "{0} meter per seconde kwadraat"
          },
          "angle-revolution": {
            "displayName": "toeren",
            "unitPattern-count-one": "{0} toer",
            "unitPattern-count-other": "{0} toeren"
          },
          "angle-radian": {
            "displayName": "radiaal",
            "unitPattern-count-one": "{0} radiaal",
            "unitPattern-count-other": "{0} radialen"
          },
          "angle-degree": {
            "displayName": "booggraden",
            "unitPattern-count-one": "{0} booggraad",
            "unitPattern-count-other": "{0} booggraden"
          },
          "angle-arc-minute": {
            "displayName": "boogminuten",
            "unitPattern-count-one": "{0} boogminuut",
            "unitPattern-count-other": "{0} boogminuten"
          },
          "angle-arc-second": {
            "displayName": "boogseconden",
            "unitPattern-count-one": "{0} boogseconde",
            "unitPattern-count-other": "{0} boogseconden"
          },
          "area-square-kilometer": {
            "displayName": "vierkante kilometer",
            "unitPattern-count-one": "{0} vierkante kilometer",
            "unitPattern-count-other": "{0} vierkante kilometer",
            "perUnitPattern": "{0} per vierkante kilometer"
          },
          "area-hectare": {
            "displayName": "hectare",
            "unitPattern-count-one": "{0} hectare",
            "unitPattern-count-other": "{0} hectare"
          },
          "area-square-meter": {
            "displayName": "vierkante meter",
            "unitPattern-count-one": "{0} vierkante meter",
            "unitPattern-count-other": "{0} vierkante meter",
            "perUnitPattern": "{0} per vierkante meter"
          },
          "area-square-centimeter": {
            "displayName": "vierkante centimeter",
            "unitPattern-count-one": "{0} vierkante centimeter",
            "unitPattern-count-other": "{0} vierkante centimeter",
            "perUnitPattern": "{0} per vierkante centimeter"
          },
          "area-square-mile": {
            "displayName": "vierkante mijl",
            "unitPattern-count-one": "{0} vierkante mijl",
            "unitPattern-count-other": "{0} vierkante mijl",
            "perUnitPattern": "{0} per vierkante mijl"
          },
          "area-acre": {
            "displayName": "acre",
            "unitPattern-count-one": "{0} acre",
            "unitPattern-count-other": "{0} acres"
          },
          "area-square-yard": {
            "displayName": "vierkante yard",
            "unitPattern-count-one": "{0} vierkante yard",
            "unitPattern-count-other": "{0} vierkante yard"
          },
          "area-square-foot": {
            "displayName": "vierkante voet",
            "unitPattern-count-one": "{0} vierkante voet",
            "unitPattern-count-other": "{0} vierkante voet"
          },
          "area-square-inch": {
            "displayName": "vierkante inch",
            "unitPattern-count-one": "{0} vierkante inch",
            "unitPattern-count-other": "{0} vierkante inch",
            "perUnitPattern": "{0} per vierkante inch"
          },
          "concentr-karat": {
            "displayName": "karaat",
            "unitPattern-count-one": "{0} karaat",
            "unitPattern-count-other": "{0} karaat"
          },
          "concentr-milligram-per-deciliter": {
            "displayName": "milligram per deciliter",
            "unitPattern-count-one": "{0} milligram per deciliter",
            "unitPattern-count-other": "{0} milligram per deciliter"
          },
          "concentr-millimole-per-liter": {
            "displayName": "millimol per liter",
            "unitPattern-count-one": "{0} millimol per liter",
            "unitPattern-count-other": "{0} millimol per liter"
          },
          "concentr-part-per-million": {
            "displayName": "ppm",
            "unitPattern-count-one": "{0} ppm",
            "unitPattern-count-other": "{0} ppm"
          },
          "consumption-liter-per-kilometer": {
            "displayName": "liter per kilometer",
            "unitPattern-count-one": "{0} liter per kilometer",
            "unitPattern-count-other": "{0} liter per kilometer"
          },
          "consumption-liter-per-100kilometers": {
            "displayName": "liter per 100 kilometer",
            "unitPattern-count-one": "{0} liter per 100 kilometer",
            "unitPattern-count-other": "{0} liter per 100 kilometer"
          },
          "consumption-mile-per-gallon": {
            "displayName": "mijl per gallon",
            "unitPattern-count-one": "{0} mijl per gallon",
            "unitPattern-count-other": "{0} mijl per gallon"
          },
          "consumption-mile-per-gallon-imperial": {
            "displayName": "mijl per imp. gallon",
            "unitPattern-count-one": "{0} mijl per imp. gallon",
            "unitPattern-count-other": "{0} mijl per imp. gallon"
          },
          "digital-terabyte": {
            "displayName": "terabyte",
            "unitPattern-count-one": "{0} terabyte",
            "unitPattern-count-other": "{0} terabyte"
          },
          "digital-terabit": {
            "displayName": "terabit",
            "unitPattern-count-one": "{0} terabit",
            "unitPattern-count-other": "{0} terabits"
          },
          "digital-gigabyte": {
            "displayName": "gigabyte",
            "unitPattern-count-one": "{0} gigabyte",
            "unitPattern-count-other": "{0} gigabyte"
          },
          "digital-gigabit": {
            "displayName": "gigabit",
            "unitPattern-count-one": "{0} gigabit",
            "unitPattern-count-other": "{0} gigabits"
          },
          "digital-megabyte": {
            "displayName": "megabyte",
            "unitPattern-count-one": "{0} megabyte",
            "unitPattern-count-other": "{0} megabyte"
          },
          "digital-megabit": {
            "displayName": "megabit",
            "unitPattern-count-one": "{0} megabit",
            "unitPattern-count-other": "{0} megabits"
          },
          "digital-kilobyte": {
            "displayName": "kilobyte",
            "unitPattern-count-one": "{0} kilobyte",
            "unitPattern-count-other": "{0} kilobyte"
          },
          "digital-kilobit": {
            "displayName": "kilobit",
            "unitPattern-count-one": "{0} kilobit",
            "unitPattern-count-other": "{0} kilobits"
          },
          "digital-byte": {
            "displayName": "byte",
            "unitPattern-count-one": "{0} byte",
            "unitPattern-count-other": "{0} byte"
          },
          "digital-bit": {
            "displayName": "bit",
            "unitPattern-count-one": "{0} bit",
            "unitPattern-count-other": "{0} bits"
          },
          "duration-century": {
            "displayName": "eeuwen",
            "unitPattern-count-one": "{0} eeuw",
            "unitPattern-count-other": "{0} eeuwen"
          },
          "duration-year": {
            "displayName": "jaar",
            "unitPattern-count-one": "{0} jaar",
            "unitPattern-count-other": "{0} jaar",
            "perUnitPattern": "{0} per jaar"
          },
          "duration-month": {
            "displayName": "maanden",
            "unitPattern-count-one": "{0} maand",
            "unitPattern-count-other": "{0} maanden",
            "perUnitPattern": "{0} per maand"
          },
          "duration-week": {
            "displayName": "weken",
            "unitPattern-count-one": "{0} week",
            "unitPattern-count-other": "{0} weken",
            "perUnitPattern": "{0} per week"
          },
          "duration-day": {
            "displayName": "dagen",
            "unitPattern-count-one": "{0} dag",
            "unitPattern-count-other": "{0} dagen",
            "perUnitPattern": "{0} per dag"
          },
          "duration-hour": {
            "displayName": "uur",
            "unitPattern-count-one": "{0} uur",
            "unitPattern-count-other": "{0} uur",
            "perUnitPattern": "{0} per uur"
          },
          "duration-minute": {
            "displayName": "minuten",
            "unitPattern-count-one": "{0} minuut",
            "unitPattern-count-other": "{0} minuten",
            "perUnitPattern": "{0} per minuut"
          },
          "duration-second": {
            "displayName": "seconden",
            "unitPattern-count-one": "{0} seconde",
            "unitPattern-count-other": "{0} seconden",
            "perUnitPattern": "{0} per seconde"
          },
          "duration-millisecond": {
            "displayName": "milliseconden",
            "unitPattern-count-one": "{0} milliseconde",
            "unitPattern-count-other": "{0} milliseconden"
          },
          "duration-microsecond": {
            "displayName": "microseconden",
            "unitPattern-count-one": "{0} microseconde",
            "unitPattern-count-other": "{0} microseconden"
          },
          "duration-nanosecond": {
            "displayName": "nanoseconden",
            "unitPattern-count-one": "{0} nanoseconde",
            "unitPattern-count-other": "{0} nanoseconden"
          },
          "electric-ampere": {
            "displayName": "ampère",
            "unitPattern-count-one": "{0} ampère",
            "unitPattern-count-other": "{0} ampère"
          },
          "electric-milliampere": {
            "displayName": "milliampère",
            "unitPattern-count-one": "{0} milliampère",
            "unitPattern-count-other": "{0} milliampère"
          },
          "electric-ohm": {
            "displayName": "ohm",
            "unitPattern-count-one": "{0} ohm",
            "unitPattern-count-other": "{0} ohm"
          },
          "electric-volt": {
            "displayName": "volt",
            "unitPattern-count-one": "{0} volt",
            "unitPattern-count-other": "{0} volt"
          },
          "energy-kilocalorie": {
            "displayName": "kilocalorie",
            "unitPattern-count-one": "{0} kilocalorie",
            "unitPattern-count-other": "{0} kilocalorieën"
          },
          "energy-calorie": {
            "displayName": "calorie",
            "unitPattern-count-one": "{0} calorie",
            "unitPattern-count-other": "{0} calorieën"
          },
          "energy-foodcalorie": {
            "displayName": "kilocalorie",
            "unitPattern-count-one": "{0} kilocalorie",
            "unitPattern-count-other": "{0} kilocalorieën"
          },
          "energy-kilojoule": {
            "displayName": "kilojoule",
            "unitPattern-count-one": "{0} kilojoule",
            "unitPattern-count-other": "{0} kilojoules"
          },
          "energy-joule": {
            "displayName": "joule",
            "unitPattern-count-one": "{0} joule",
            "unitPattern-count-other": "{0} joules"
          },
          "energy-kilowatt-hour": {
            "displayName": "kilowattuur",
            "unitPattern-count-one": "{0} kilowattuur",
            "unitPattern-count-other": "{0} kilowattuur"
          },
          "frequency-gigahertz": {
            "displayName": "gigahertz",
            "unitPattern-count-one": "{0} gigahertz",
            "unitPattern-count-other": "{0} gigahertz"
          },
          "frequency-megahertz": {
            "displayName": "megahertz",
            "unitPattern-count-one": "{0} megahertz",
            "unitPattern-count-other": "{0} megahertz"
          },
          "frequency-kilohertz": {
            "displayName": "kilohertz",
            "unitPattern-count-one": "{0} kilohertz",
            "unitPattern-count-other": "{0} kilohertz"
          },
          "frequency-hertz": {
            "displayName": "hertz",
            "unitPattern-count-one": "{0} hertz",
            "unitPattern-count-other": "{0} hertz"
          },
          "length-kilometer": {
            "displayName": "kilometer",
            "unitPattern-count-one": "{0} kilometer",
            "unitPattern-count-other": "{0} kilometer",
            "perUnitPattern": "{0} per kilometer"
          },
          "length-meter": {
            "displayName": "meter",
            "unitPattern-count-one": "{0} meter",
            "unitPattern-count-other": "{0} meter",
            "perUnitPattern": "{0} per meter"
          },
          "length-decimeter": {
            "displayName": "decimeter",
            "unitPattern-count-one": "{0} decimeter",
            "unitPattern-count-other": "{0} decimeter"
          },
          "length-centimeter": {
            "displayName": "centimeter",
            "unitPattern-count-one": "{0} centimeter",
            "unitPattern-count-other": "{0} centimeter",
            "perUnitPattern": "{0} per centimeter"
          },
          "length-millimeter": {
            "displayName": "millimeter",
            "unitPattern-count-one": "{0} millimeter",
            "unitPattern-count-other": "{0} millimeter"
          },
          "length-micrometer": {
            "displayName": "micrometer",
            "unitPattern-count-one": "{0} micrometer",
            "unitPattern-count-other": "{0} micrometer"
          },
          "length-nanometer": {
            "displayName": "nanometer",
            "unitPattern-count-one": "{0} nanometer",
            "unitPattern-count-other": "{0} nanometer"
          },
          "length-picometer": {
            "displayName": "picometer",
            "unitPattern-count-one": "{0} picometer",
            "unitPattern-count-other": "{0} picometer"
          },
          "length-mile": {
            "displayName": "mijl",
            "unitPattern-count-one": "{0} mijl",
            "unitPattern-count-other": "{0} mijl"
          },
          "length-yard": {
            "displayName": "yards",
            "unitPattern-count-one": "{0} yard",
            "unitPattern-count-other": "{0} yards"
          },
          "length-foot": {
            "displayName": "voet",
            "unitPattern-count-one": "{0} voet",
            "unitPattern-count-other": "{0} voet",
            "perUnitPattern": "{0} per voet"
          },
          "length-inch": {
            "displayName": "inches",
            "unitPattern-count-one": "{0} inch",
            "unitPattern-count-other": "{0} inches",
            "perUnitPattern": "{0} per inch"
          },
          "length-parsec": {
            "displayName": "parsec",
            "unitPattern-count-one": "{0} parsec",
            "unitPattern-count-other": "{0} parsecs"
          },
          "length-light-year": {
            "displayName": "lichtjaar",
            "unitPattern-count-one": "{0} lichtjaar",
            "unitPattern-count-other": "{0} lichtjaar"
          },
          "length-astronomical-unit": {
            "displayName": "astronomische eenheid",
            "unitPattern-count-one": "{0} astronomische eenheid",
            "unitPattern-count-other": "{0} astronomische eenheden"
          },
          "length-furlong": {
            "displayName": "furlong",
            "unitPattern-count-one": "{0} furlong",
            "unitPattern-count-other": "{0} furlong"
          },
          "length-fathom": {
            "displayName": "vadem",
            "unitPattern-count-one": "{0} vadem",
            "unitPattern-count-other": "{0} vadems"
          },
          "length-nautical-mile": {
            "displayName": "zeemijl",
            "unitPattern-count-one": "{0} zeemijl",
            "unitPattern-count-other": "{0} zeemijlen"
          },
          "length-mile-scandinavian": {
            "displayName": "Scandinavische mijl",
            "unitPattern-count-one": "{0} Scandinavische mijl",
            "unitPattern-count-other": "{0} Scandinavische mijl"
          },
          "length-point": {
            "displayName": "punten",
            "unitPattern-count-one": "{0} punt",
            "unitPattern-count-other": "{0} punten"
          },
          "light-lux": {
            "displayName": "lux",
            "unitPattern-count-one": "{0} lux",
            "unitPattern-count-other": "{0} lux"
          },
          "mass-metric-ton": {
            "displayName": "tonne",
            "unitPattern-count-one": "{0} tonne",
            "unitPattern-count-other": "{0} tonnes"
          },
          "mass-kilogram": {
            "displayName": "kilogram",
            "unitPattern-count-one": "{0} kilogram",
            "unitPattern-count-other": "{0} kilogram",
            "perUnitPattern": "{0} per kilogram"
          },
          "mass-gram": {
            "displayName": "gram",
            "unitPattern-count-one": "{0} gram",
            "unitPattern-count-other": "{0} gram",
            "perUnitPattern": "{0} per gram"
          },
          "mass-milligram": {
            "displayName": "milligram",
            "unitPattern-count-one": "{0} milligram",
            "unitPattern-count-other": "{0} milligram"
          },
          "mass-microgram": {
            "displayName": "microgram",
            "unitPattern-count-one": "{0} microgram",
            "unitPattern-count-other": "{0} microgram"
          },
          "mass-ton": {
            "displayName": "ton",
            "unitPattern-count-one": "{0} ton",
            "unitPattern-count-other": "{0} ton"
          },
          "mass-stone": {
            "displayName": "stone",
            "unitPattern-count-one": "{0} stone",
            "unitPattern-count-other": "{0} stone"
          },
          "mass-pound": {
            "displayName": "pound",
            "unitPattern-count-one": "{0} pound",
            "unitPattern-count-other": "{0} pound",
            "perUnitPattern": "{0} per pound"
          },
          "mass-ounce": {
            "displayName": "ounce",
            "unitPattern-count-one": "{0} ounce",
            "unitPattern-count-other": "{0} ounce",
            "perUnitPattern": "{0} per ounce"
          },
          "mass-ounce-troy": {
            "displayName": "troy ounce",
            "unitPattern-count-one": "{0} troy ounce",
            "unitPattern-count-other": "{0} troy ounce"
          },
          "mass-carat": {
            "displayName": "karaat",
            "unitPattern-count-one": "{0} karaat",
            "unitPattern-count-other": "{0} karaat"
          },
          "power-gigawatt": {
            "displayName": "gigawatt",
            "unitPattern-count-one": "{0} gigawatt",
            "unitPattern-count-other": "{0} gigawatt"
          },
          "power-megawatt": {
            "displayName": "megawatt",
            "unitPattern-count-one": "{0} megawatt",
            "unitPattern-count-other": "{0} megawatt"
          },
          "power-kilowatt": {
            "displayName": "kilowatt",
            "unitPattern-count-one": "{0} kilowatt",
            "unitPattern-count-other": "{0} kilowatt"
          },
          "power-watt": {
            "displayName": "watt",
            "unitPattern-count-one": "{0} watt",
            "unitPattern-count-other": "{0} watt"
          },
          "power-milliwatt": {
            "displayName": "milliwatt",
            "unitPattern-count-one": "{0} milliwatt",
            "unitPattern-count-other": "{0} milliwatt"
          },
          "power-horsepower": {
            "displayName": "paardenkrachten",
            "unitPattern-count-one": "{0} paardenkracht",
            "unitPattern-count-other": "{0} paardenkrachten"
          },
          "pressure-hectopascal": {
            "displayName": "hectopascal",
            "unitPattern-count-one": "{0} hectopascal",
            "unitPattern-count-other": "{0} hectopascal"
          },
          "pressure-millimeter-of-mercury": {
            "displayName": "millimeter-kwikdruk",
            "unitPattern-count-one": "{0} millimeter-kwikdruk",
            "unitPattern-count-other": "{0} millimeter-kwikdruk"
          },
          "pressure-pound-per-square-inch": {
            "displayName": "psi",
            "unitPattern-count-one": "{0} psi",
            "unitPattern-count-other": "{0} psi"
          },
          "pressure-inch-hg": {
            "displayName": "inch-kwikdruk",
            "unitPattern-count-one": "{0} inch-kwikdruk",
            "unitPattern-count-other": "{0} inch-kwikdruk"
          },
          "pressure-millibar": {
            "displayName": "millibar",
            "unitPattern-count-one": "{0} millibar",
            "unitPattern-count-other": "{0} millibar"
          },
          "speed-kilometer-per-hour": {
            "displayName": "kilometer per uur",
            "unitPattern-count-one": "{0} kilometer per uur",
            "unitPattern-count-other": "{0} kilometer per uur"
          },
          "speed-meter-per-second": {
            "displayName": "meter per seconde",
            "unitPattern-count-one": "{0} meter per seconde",
            "unitPattern-count-other": "{0} meter per seconde"
          },
          "speed-mile-per-hour": {
            "displayName": "mijl per uur",
            "unitPattern-count-one": "{0} mijl per uur",
            "unitPattern-count-other": "{0} mijl per uur"
          },
          "speed-knot": {
            "displayName": "knoop",
            "unitPattern-count-one": "{0} knoop",
            "unitPattern-count-other": "{0} knopen"
          },
          "temperature-generic": {
            "displayName": "°",
            "unitPattern-count-one": "{0}°",
            "unitPattern-count-other": "{0}°"
          },
          "temperature-celsius": {
            "displayName": "graden Celsius",
            "unitPattern-count-one": "{0} graad Celsius",
            "unitPattern-count-other": "{0} graden Celsius"
          },
          "temperature-fahrenheit": {
            "displayName": "graden Fahrenheit",
            "unitPattern-count-one": "{0} graad Fahrenheit",
            "unitPattern-count-other": "{0} graden Fahrenheit"
          },
          "temperature-kelvin": {
            "displayName": "kelvin",
            "unitPattern-count-one": "{0} kelvin",
            "unitPattern-count-other": "{0} kelvin"
          },
          "volume-cubic-kilometer": {
            "displayName": "kubieke kilometer",
            "unitPattern-count-one": "{0} kubieke kilometer",
            "unitPattern-count-other": "{0} kubieke kilometer"
          },
          "volume-cubic-meter": {
            "displayName": "kubieke meter",
            "unitPattern-count-one": "{0} kubieke meter",
            "unitPattern-count-other": "{0} kubieke meter",
            "perUnitPattern": "{0} per kubieke meter"
          },
          "volume-cubic-centimeter": {
            "displayName": "kubieke centimeter",
            "unitPattern-count-one": "{0} kubieke centimeter",
            "unitPattern-count-other": "{0} kubieke centimeter",
            "perUnitPattern": "{0} per kubieke centimeter"
          },
          "volume-cubic-mile": {
            "displayName": "kubieke mijl",
            "unitPattern-count-one": "{0} kubieke mijl",
            "unitPattern-count-other": "{0} kubieke mijl"
          },
          "volume-cubic-yard": {
            "displayName": "kubieke yard",
            "unitPattern-count-one": "{0} kubieke yard",
            "unitPattern-count-other": "{0} kubieke yard"
          },
          "volume-cubic-foot": {
            "displayName": "kubieke voet",
            "unitPattern-count-one": "{0} kubieke voet",
            "unitPattern-count-other": "{0} kubieke voet"
          },
          "volume-cubic-inch": {
            "displayName": "kubieke inch",
            "unitPattern-count-one": "{0} kubieke inch",
            "unitPattern-count-other": "{0} kubieke inch"
          },
          "volume-megaliter": {
            "displayName": "megaliter",
            "unitPattern-count-one": "{0} megaliter",
            "unitPattern-count-other": "{0} megaliter"
          },
          "volume-hectoliter": {
            "displayName": "hectoliter",
            "unitPattern-count-one": "{0} hectoliter",
            "unitPattern-count-other": "{0} hectoliter"
          },
          "volume-liter": {
            "displayName": "liter",
            "unitPattern-count-one": "{0} liter",
            "unitPattern-count-other": "{0} liter",
            "perUnitPattern": "{0} per liter"
          },
          "volume-deciliter": {
            "displayName": "deciliter",
            "unitPattern-count-one": "{0} deciliter",
            "unitPattern-count-other": "{0} deciliter"
          },
          "volume-centiliter": {
            "displayName": "centiliter",
            "unitPattern-count-one": "{0} centiliter",
            "unitPattern-count-other": "{0} centiliter"
          },
          "volume-milliliter": {
            "displayName": "milliliter",
            "unitPattern-count-one": "{0} milliliter",
            "unitPattern-count-other": "{0} milliliter"
          },
          "volume-pint-metric": {
            "displayName": "metrische pint",
            "unitPattern-count-one": "{0} metrische pint",
            "unitPattern-count-other": "{0} metrische pint"
          },
          "volume-cup-metric": {
            "displayName": "metrische cup",
            "unitPattern-count-one": "{0} metrische cup",
            "unitPattern-count-other": "{0} metrische cup"
          },
          "volume-acre-foot": {
            "displayName": "acre-feet",
            "unitPattern-count-one": "{0} acre-foot",
            "unitPattern-count-other": "{0} acre-feet"
          },
          "volume-bushel": {
            "displayName": "bushel",
            "unitPattern-count-one": "{0} bushel",
            "unitPattern-count-other": "{0} bushels"
          },
          "volume-gallon": {
            "displayName": "gallon",
            "unitPattern-count-one": "{0} gallon",
            "unitPattern-count-other": "{0} gallon",
            "perUnitPattern": "{0} per gallon"
          },
          "volume-gallon-imperial": {
            "displayName": "imp. gallon",
            "unitPattern-count-one": "{0} imp. gallon",
            "unitPattern-count-other": "{0} imp. gallon",
            "perUnitPattern": "{0} per imp. gallon"
          },
          "volume-quart": {
            "displayName": "quart",
            "unitPattern-count-one": "{0} quart",
            "unitPattern-count-other": "{0} quart"
          },
          "volume-pint": {
            "displayName": "pint",
            "unitPattern-count-one": "{0} pint",
            "unitPattern-count-other": "{0} pint"
          },
          "volume-cup": {
            "displayName": "cup",
            "unitPattern-count-one": "{0} cup",
            "unitPattern-count-other": "{0} cup"
          },
          "volume-fluid-ounce": {
            "displayName": "fluid ounce",
            "unitPattern-count-one": "{0} fluid ounce",
            "unitPattern-count-other": "{0} fluid ounce"
          },
          "volume-tablespoon": {
            "displayName": "eetlepel",
            "unitPattern-count-one": "{0} eetlepel",
            "unitPattern-count-other": "{0} eetlepels"
          },
          "volume-teaspoon": {
            "displayName": "theelepel",
            "unitPattern-count-one": "{0} theelepel",
            "unitPattern-count-other": "{0} theelepels"
          },
          "coordinateUnit": {
            "east": "{0} oosterlengte",
            "north": "{0} noorderbreedte",
            "south": "{0} zuiderbreedte",
            "west": "{0} westerlengte"
          }
        },
        "short": {
          "per": {
            "compoundUnitPattern": "{0}/{1}"
          },
          "acceleration-g-force": {
            "displayName": "G",
            "unitPattern-count-one": "{0} G",
            "unitPattern-count-other": "{0} G"
          },
          "acceleration-meter-per-second-squared": {
            "displayName": "m/s²",
            "unitPattern-count-one": "{0} m/s²",
            "unitPattern-count-other": "{0} m/s²"
          },
          "angle-revolution": {
            "displayName": "tr",
            "unitPattern-count-one": "{0} tr",
            "unitPattern-count-other": "{0} tr"
          },
          "angle-radian": {
            "displayName": "rad",
            "unitPattern-count-one": "{0} rad",
            "unitPattern-count-other": "{0} rad"
          },
          "angle-degree": {
            "displayName": "°",
            "unitPattern-count-one": "{0}°",
            "unitPattern-count-other": "{0}°"
          },
          "angle-arc-minute": {
            "displayName": "′",
            "unitPattern-count-one": "{0}′",
            "unitPattern-count-other": "{0}′"
          },
          "angle-arc-second": {
            "displayName": "″",
            "unitPattern-count-one": "{0}″",
            "unitPattern-count-other": "{0}″"
          },
          "area-square-kilometer": {
            "displayName": "km²",
            "unitPattern-count-one": "{0} km²",
            "unitPattern-count-other": "{0} km²",
            "perUnitPattern": "{0} per km²"
          },
          "area-hectare": {
            "displayName": "ha",
            "unitPattern-count-one": "{0} ha",
            "unitPattern-count-other": "{0} ha"
          },
          "area-square-meter": {
            "displayName": "m²",
            "unitPattern-count-one": "{0} m²",
            "unitPattern-count-other": "{0} m²",
            "perUnitPattern": "{0} per m²"
          },
          "area-square-centimeter": {
            "displayName": "cm²",
            "unitPattern-count-one": "{0} cm²",
            "unitPattern-count-other": "{0} cm²",
            "perUnitPattern": "{0} per cm²"
          },
          "area-square-mile": {
            "displayName": "mi²",
            "unitPattern-count-one": "{0} mi²",
            "unitPattern-count-other": "{0} mi²",
            "perUnitPattern": "{0} per mi²"
          },
          "area-acre": {
            "displayName": "acre",
            "unitPattern-count-one": "{0} acre",
            "unitPattern-count-other": "{0} acres"
          },
          "area-square-yard": {
            "displayName": "yd²",
            "unitPattern-count-one": "{0} yd²",
            "unitPattern-count-other": "{0} yd²"
          },
          "area-square-foot": {
            "displayName": "ft²",
            "unitPattern-count-one": "{0} ft²",
            "unitPattern-count-other": "{0} ft²"
          },
          "area-square-inch": {
            "displayName": "in²",
            "unitPattern-count-one": "{0} in²",
            "unitPattern-count-other": "{0} in²",
            "perUnitPattern": "{0} per in²"
          },
          "concentr-karat": {
            "displayName": "K",
            "unitPattern-count-one": "{0} K",
            "unitPattern-count-other": "{0} K"
          },
          "concentr-milligram-per-deciliter": {
            "displayName": "mg/dl",
            "unitPattern-count-one": "{0} mg/dl",
            "unitPattern-count-other": "{0} mg/dl"
          },
          "concentr-millimole-per-liter": {
            "displayName": "millimol/liter",
            "unitPattern-count-one": "{0} mmol/l",
            "unitPattern-count-other": "{0} mmol/l"
          },
          "concentr-part-per-million": {
            "displayName": "ppm",
            "unitPattern-count-one": "{0} ppm",
            "unitPattern-count-other": "{0} ppm"
          },
          "consumption-liter-per-kilometer": {
            "displayName": "l/km",
            "unitPattern-count-one": "{0} l/km",
            "unitPattern-count-other": "{0} l/km"
          },
          "consumption-liter-per-100kilometers": {
            "displayName": "l/100km",
            "unitPattern-count-one": "{0} l/100km",
            "unitPattern-count-other": "{0} l/100km"
          },
          "consumption-mile-per-gallon": {
            "displayName": "mpg",
            "unitPattern-count-one": "{0} mpg",
            "unitPattern-count-other": "{0} mpg"
          },
          "consumption-mile-per-gallon-imperial": {
            "displayName": "mijl/imp. gal",
            "unitPattern-count-one": "{0} mpg imp.",
            "unitPattern-count-other": "{0} mpg imp."
          },
          "digital-terabyte": {
            "displayName": "TB",
            "unitPattern-count-one": "{0} TB",
            "unitPattern-count-other": "{0} TB"
          },
          "digital-terabit": {
            "displayName": "Tb",
            "unitPattern-count-one": "{0} Tb",
            "unitPattern-count-other": "{0} Tb"
          },
          "digital-gigabyte": {
            "displayName": "GB",
            "unitPattern-count-one": "{0} GB",
            "unitPattern-count-other": "{0} GB"
          },
          "digital-gigabit": {
            "displayName": "Gb",
            "unitPattern-count-one": "{0} Gb",
            "unitPattern-count-other": "{0} Gb"
          },
          "digital-megabyte": {
            "displayName": "MB",
            "unitPattern-count-one": "{0} MB",
            "unitPattern-count-other": "{0} MB"
          },
          "digital-megabit": {
            "displayName": "Mb",
            "unitPattern-count-one": "{0} Mb",
            "unitPattern-count-other": "{0} Mb"
          },
          "digital-kilobyte": {
            "displayName": "kB",
            "unitPattern-count-one": "{0} kB",
            "unitPattern-count-other": "{0} kB"
          },
          "digital-kilobit": {
            "displayName": "kb",
            "unitPattern-count-one": "{0} kb",
            "unitPattern-count-other": "{0} kb"
          },
          "digital-byte": {
            "displayName": "byte",
            "unitPattern-count-one": "{0} byte",
            "unitPattern-count-other": "{0} byte"
          },
          "digital-bit": {
            "displayName": "bit",
            "unitPattern-count-one": "{0} bit",
            "unitPattern-count-other": "{0} bits"
          },
          "duration-century": {
            "displayName": "eeuwen",
            "unitPattern-count-one": "{0} eeuw",
            "unitPattern-count-other": "{0} eeuwen"
          },
          "duration-year": {
            "displayName": "jr",
            "unitPattern-count-one": "{0} jr",
            "unitPattern-count-other": "{0} jr",
            "perUnitPattern": "{0}/jr"
          },
          "duration-month": {
            "displayName": "mnd",
            "unitPattern-count-one": "{0} mnd",
            "unitPattern-count-other": "{0} mnd",
            "perUnitPattern": "{0}/mnd"
          },
          "duration-week": {
            "displayName": "wk",
            "unitPattern-count-one": "{0} wk",
            "unitPattern-count-other": "{0} wkn",
            "perUnitPattern": "{0}/wk"
          },
          "duration-day": {
            "displayName": "dagen",
            "unitPattern-count-one": "{0} dag",
            "unitPattern-count-other": "{0} dagen",
            "perUnitPattern": "{0}/dag"
          },
          "duration-hour": {
            "displayName": "uur",
            "unitPattern-count-one": "{0} uur",
            "unitPattern-count-other": "{0} uur",
            "perUnitPattern": "{0}/uur"
          },
          "duration-minute": {
            "displayName": "min",
            "unitPattern-count-one": "{0} min",
            "unitPattern-count-other": "{0} min",
            "perUnitPattern": "{0}/min"
          },
          "duration-second": {
            "displayName": "sec",
            "unitPattern-count-one": "{0} sec",
            "unitPattern-count-other": "{0} sec",
            "perUnitPattern": "{0}/sec"
          },
          "duration-millisecond": {
            "displayName": "ms",
            "unitPattern-count-one": "{0} ms",
            "unitPattern-count-other": "{0} ms"
          },
          "duration-microsecond": {
            "displayName": "μs",
            "unitPattern-count-one": "{0} μs",
            "unitPattern-count-other": "{0} μs"
          },
          "duration-nanosecond": {
            "displayName": "ns",
            "unitPattern-count-one": "{0} ns",
            "unitPattern-count-other": "{0} ns"
          },
          "electric-ampere": {
            "displayName": "A",
            "unitPattern-count-one": "{0} A",
            "unitPattern-count-other": "{0} A"
          },
          "electric-milliampere": {
            "displayName": "mA",
            "unitPattern-count-one": "{0} mA",
            "unitPattern-count-other": "{0} mA"
          },
          "electric-ohm": {
            "displayName": "Ω",
            "unitPattern-count-one": "{0} Ω",
            "unitPattern-count-other": "{0} Ω"
          },
          "electric-volt": {
            "displayName": "V",
            "unitPattern-count-one": "{0} V",
            "unitPattern-count-other": "{0} V"
          },
          "energy-kilocalorie": {
            "displayName": "kcal",
            "unitPattern-count-one": "{0} kcal",
            "unitPattern-count-other": "{0} kcal"
          },
          "energy-calorie": {
            "displayName": "cal",
            "unitPattern-count-one": "{0} cal",
            "unitPattern-count-other": "{0} cal"
          },
          "energy-foodcalorie": {
            "displayName": "kcal",
            "unitPattern-count-one": "{0} kcal",
            "unitPattern-count-other": "{0} kcal"
          },
          "energy-kilojoule": {
            "displayName": "kJ",
            "unitPattern-count-one": "{0} kJ",
            "unitPattern-count-other": "{0} kJ"
          },
          "energy-joule": {
            "displayName": "J",
            "unitPattern-count-one": "{0} J",
            "unitPattern-count-other": "{0} J"
          },
          "energy-kilowatt-hour": {
            "displayName": "kWh",
            "unitPattern-count-one": "{0} kWh",
            "unitPattern-count-other": "{0} kWh"
          },
          "frequency-gigahertz": {
            "displayName": "GHz",
            "unitPattern-count-one": "{0} GHz",
            "unitPattern-count-other": "{0} GHz"
          },
          "frequency-megahertz": {
            "displayName": "MHz",
            "unitPattern-count-one": "{0} MHz",
            "unitPattern-count-other": "{0} MHz"
          },
          "frequency-kilohertz": {
            "displayName": "kHz",
            "unitPattern-count-one": "{0} kHz",
            "unitPattern-count-other": "{0} kHz"
          },
          "frequency-hertz": {
            "displayName": "Hz",
            "unitPattern-count-one": "{0} Hz",
            "unitPattern-count-other": "{0} Hz"
          },
          "length-kilometer": {
            "displayName": "km",
            "unitPattern-count-one": "{0} km",
            "unitPattern-count-other": "{0} km",
            "perUnitPattern": "{0}/km"
          },
          "length-meter": {
            "displayName": "m",
            "unitPattern-count-one": "{0} m",
            "unitPattern-count-other": "{0} m",
            "perUnitPattern": "{0}/m"
          },
          "length-decimeter": {
            "displayName": "dm",
            "unitPattern-count-one": "{0} dm",
            "unitPattern-count-other": "{0} dm"
          },
          "length-centimeter": {
            "displayName": "cm",
            "unitPattern-count-one": "{0} cm",
            "unitPattern-count-other": "{0} cm",
            "perUnitPattern": "{0}/cm"
          },
          "length-millimeter": {
            "displayName": "mm",
            "unitPattern-count-one": "{0} mm",
            "unitPattern-count-other": "{0} mm"
          },
          "length-micrometer": {
            "displayName": "µm",
            "unitPattern-count-one": "{0} µm",
            "unitPattern-count-other": "{0} µm"
          },
          "length-nanometer": {
            "displayName": "nm",
            "unitPattern-count-one": "{0} nm",
            "unitPattern-count-other": "{0} nm"
          },
          "length-picometer": {
            "displayName": "pm",
            "unitPattern-count-one": "{0} pm",
            "unitPattern-count-other": "{0} pm"
          },
          "length-mile": {
            "displayName": "mi",
            "unitPattern-count-one": "{0} mi",
            "unitPattern-count-other": "{0} mi"
          },
          "length-yard": {
            "displayName": "yards",
            "unitPattern-count-one": "{0} yd",
            "unitPattern-count-other": "{0} yd"
          },
          "length-foot": {
            "displayName": "ft",
            "unitPattern-count-one": "{0} ft",
            "unitPattern-count-other": "{0} ft",
            "perUnitPattern": "{0}/ft"
          },
          "length-inch": {
            "displayName": "inches",
            "unitPattern-count-one": "{0} in",
            "unitPattern-count-other": "{0} in",
            "perUnitPattern": "{0}/in"
          },
          "length-parsec": {
            "displayName": "pc",
            "unitPattern-count-one": "{0} pc",
            "unitPattern-count-other": "{0} pc"
          },
          "length-light-year": {
            "displayName": "lj",
            "unitPattern-count-one": "{0} lj",
            "unitPattern-count-other": "{0} lj"
          },
          "length-astronomical-unit": {
            "displayName": "AE",
            "unitPattern-count-one": "{0} AE",
            "unitPattern-count-other": "{0} AE"
          },
          "length-furlong": {
            "displayName": "fur",
            "unitPattern-count-one": "{0} fur",
            "unitPattern-count-other": "{0} fur"
          },
          "length-fathom": {
            "displayName": "fm",
            "unitPattern-count-one": "{0} fm",
            "unitPattern-count-other": "{0} fm"
          },
          "length-nautical-mile": {
            "displayName": "nmi",
            "unitPattern-count-one": "{0} nmi",
            "unitPattern-count-other": "{0} nmi"
          },
          "length-mile-scandinavian": {
            "displayName": "smi",
            "unitPattern-count-one": "{0} smi",
            "unitPattern-count-other": "{0} smi"
          },
          "length-point": {
            "displayName": "punten",
            "unitPattern-count-one": "{0} pt",
            "unitPattern-count-other": "{0} pt"
          },
          "light-lux": {
            "displayName": "lx",
            "unitPattern-count-one": "{0} lx",
            "unitPattern-count-other": "{0} lx"
          },
          "mass-metric-ton": {
            "displayName": "t",
            "unitPattern-count-one": "{0} t",
            "unitPattern-count-other": "{0} t"
          },
          "mass-kilogram": {
            "displayName": "kg",
            "unitPattern-count-one": "{0} kg",
            "unitPattern-count-other": "{0} kg",
            "perUnitPattern": "{0}/kg"
          },
          "mass-gram": {
            "displayName": "g",
            "unitPattern-count-one": "{0} g",
            "unitPattern-count-other": "{0} g",
            "perUnitPattern": "{0}/g"
          },
          "mass-milligram": {
            "displayName": "mg",
            "unitPattern-count-one": "{0} mg",
            "unitPattern-count-other": "{0} mg"
          },
          "mass-microgram": {
            "displayName": "µg",
            "unitPattern-count-one": "{0} µg",
            "unitPattern-count-other": "{0} µg"
          },
          "mass-ton": {
            "displayName": "ton",
            "unitPattern-count-one": "{0} ton",
            "unitPattern-count-other": "{0} ton"
          },
          "mass-stone": {
            "displayName": "st",
            "unitPattern-count-one": "{0} st",
            "unitPattern-count-other": "{0} st"
          },
          "mass-pound": {
            "displayName": "lb",
            "unitPattern-count-one": "{0} lb",
            "unitPattern-count-other": "{0} lb",
            "perUnitPattern": "{0}/lb"
          },
          "mass-ounce": {
            "displayName": "oz",
            "unitPattern-count-one": "{0} oz",
            "unitPattern-count-other": "{0} oz",
            "perUnitPattern": "{0}/oz"
          },
          "mass-ounce-troy": {
            "displayName": "oz t",
            "unitPattern-count-one": "{0} oz t",
            "unitPattern-count-other": "{0} oz t"
          },
          "mass-carat": {
            "displayName": "CD",
            "unitPattern-count-one": "{0} CD",
            "unitPattern-count-other": "{0} CD"
          },
          "power-gigawatt": {
            "displayName": "GW",
            "unitPattern-count-one": "{0} GW",
            "unitPattern-count-other": "{0} GW"
          },
          "power-megawatt": {
            "displayName": "MW",
            "unitPattern-count-one": "{0} MW",
            "unitPattern-count-other": "{0} MW"
          },
          "power-kilowatt": {
            "displayName": "kW",
            "unitPattern-count-one": "{0} kW",
            "unitPattern-count-other": "{0} kW"
          },
          "power-watt": {
            "displayName": "W",
            "unitPattern-count-one": "{0} W",
            "unitPattern-count-other": "{0} W"
          },
          "power-milliwatt": {
            "displayName": "mW",
            "unitPattern-count-one": "{0} mW",
            "unitPattern-count-other": "{0} mW"
          },
          "power-horsepower": {
            "displayName": "pk",
            "unitPattern-count-one": "{0} pk",
            "unitPattern-count-other": "{0} pk"
          },
          "pressure-hectopascal": {
            "displayName": "hPa",
            "unitPattern-count-one": "{0} hPa",
            "unitPattern-count-other": "{0} hPa"
          },
          "pressure-millimeter-of-mercury": {
            "displayName": "mmHg",
            "unitPattern-count-one": "{0} mmHg",
            "unitPattern-count-other": "{0} mmHg"
          },
          "pressure-pound-per-square-inch": {
            "displayName": "psi",
            "unitPattern-count-one": "{0} psi",
            "unitPattern-count-other": "{0} psi"
          },
          "pressure-inch-hg": {
            "displayName": "inHg",
            "unitPattern-count-one": "{0} inHg",
            "unitPattern-count-other": "{0} inHg"
          },
          "pressure-millibar": {
            "displayName": "mbar",
            "unitPattern-count-one": "{0} mbar",
            "unitPattern-count-other": "{0} mbar"
          },
          "speed-kilometer-per-hour": {
            "displayName": "km/u",
            "unitPattern-count-one": "{0} km/u",
            "unitPattern-count-other": "{0} km/u"
          },
          "speed-meter-per-second": {
            "displayName": "m/s",
            "unitPattern-count-one": "{0} m/s",
            "unitPattern-count-other": "{0} m/s"
          },
          "speed-mile-per-hour": {
            "displayName": "mi/h",
            "unitPattern-count-one": "{0} mi/h",
            "unitPattern-count-other": "{0} mi/h"
          },
          "speed-knot": {
            "displayName": "kt",
            "unitPattern-count-one": "{0} kt",
            "unitPattern-count-other": "{0} kt"
          },
          "temperature-generic": {
            "displayName": "°",
            "unitPattern-count-one": "{0}°",
            "unitPattern-count-other": "{0}°"
          },
          "temperature-celsius": {
            "displayName": "°C",
            "unitPattern-count-one": "{0}°C",
            "unitPattern-count-other": "{0}°C"
          },
          "temperature-fahrenheit": {
            "displayName": "°F",
            "unitPattern-count-one": "{0}°F",
            "unitPattern-count-other": "{0}°F"
          },
          "temperature-kelvin": {
            "displayName": "K",
            "unitPattern-count-one": "{0} K",
            "unitPattern-count-other": "{0} K"
          },
          "volume-cubic-kilometer": {
            "displayName": "km³",
            "unitPattern-count-one": "{0} km³",
            "unitPattern-count-other": "{0} km³"
          },
          "volume-cubic-meter": {
            "displayName": "m³",
            "unitPattern-count-one": "{0} m³",
            "unitPattern-count-other": "{0} m³",
            "perUnitPattern": "{0}/m³"
          },
          "volume-cubic-centimeter": {
            "displayName": "cm³",
            "unitPattern-count-one": "{0} cm³",
            "unitPattern-count-other": "{0} cm³",
            "perUnitPattern": "{0}/cm³"
          },
          "volume-cubic-mile": {
            "displayName": "mi³",
            "unitPattern-count-one": "{0} mi³",
            "unitPattern-count-other": "{0} mi³"
          },
          "volume-cubic-yard": {
            "displayName": "yd³",
            "unitPattern-count-one": "{0} yd³",
            "unitPattern-count-other": "{0} yd³"
          },
          "volume-cubic-foot": {
            "displayName": "ft³",
            "unitPattern-count-one": "{0} ft³",
            "unitPattern-count-other": "{0} ft³"
          },
          "volume-cubic-inch": {
            "displayName": "in³",
            "unitPattern-count-one": "{0} in³",
            "unitPattern-count-other": "{0} in³"
          },
          "volume-megaliter": {
            "displayName": "ML",
            "unitPattern-count-one": "{0} ML",
            "unitPattern-count-other": "{0} ML"
          },
          "volume-hectoliter": {
            "displayName": "hl",
            "unitPattern-count-one": "{0} hl",
            "unitPattern-count-other": "{0} hl"
          },
          "volume-liter": {
            "displayName": "l",
            "unitPattern-count-one": "{0} l",
            "unitPattern-count-other": "{0} l",
            "perUnitPattern": "{0}/l"
          },
          "volume-deciliter": {
            "displayName": "dl",
            "unitPattern-count-one": "{0} dl",
            "unitPattern-count-other": "{0} dl"
          },
          "volume-centiliter": {
            "displayName": "cl",
            "unitPattern-count-one": "{0} cl",
            "unitPattern-count-other": "{0} cl"
          },
          "volume-milliliter": {
            "displayName": "ml",
            "unitPattern-count-one": "{0} ml",
            "unitPattern-count-other": "{0} ml"
          },
          "volume-pint-metric": {
            "displayName": "mpt",
            "unitPattern-count-one": "{0} mpt",
            "unitPattern-count-other": "{0} mpt"
          },
          "volume-cup-metric": {
            "displayName": "metrische cup",
            "unitPattern-count-one": "{0} mc",
            "unitPattern-count-other": "{0} mc"
          },
          "volume-acre-foot": {
            "displayName": "acre ft",
            "unitPattern-count-one": "{0} ac ft",
            "unitPattern-count-other": "{0} ac ft"
          },
          "volume-bushel": {
            "displayName": "bu",
            "unitPattern-count-one": "{0} bu",
            "unitPattern-count-other": "{0} bu"
          },
          "volume-gallon": {
            "displayName": "gal",
            "unitPattern-count-one": "{0} gal",
            "unitPattern-count-other": "{0} gal",
            "perUnitPattern": "{0}/gal"
          },
          "volume-gallon-imperial": {
            "displayName": "imp. gal",
            "unitPattern-count-one": "{0} imp. gal",
            "unitPattern-count-other": "{0} imp. gal",
            "perUnitPattern": "{0}/imp. gal"
          },
          "volume-quart": {
            "displayName": "qt",
            "unitPattern-count-one": "{0} qt",
            "unitPattern-count-other": "{0} qt"
          },
          "volume-pint": {
            "displayName": "pt",
            "unitPattern-count-one": "{0} pt",
            "unitPattern-count-other": "{0} pt"
          },
          "volume-cup": {
            "displayName": "cup",
            "unitPattern-count-one": "{0} cup",
            "unitPattern-count-other": "{0} cup"
          },
          "volume-fluid-ounce": {
            "displayName": "fl oz",
            "unitPattern-count-one": "{0} fl oz",
            "unitPattern-count-other": "{0} fl oz"
          },
          "volume-tablespoon": {
            "displayName": "el",
            "unitPattern-count-one": "{0} el",
            "unitPattern-count-other": "{0} el"
          },
          "volume-teaspoon": {
            "displayName": "tl",
            "unitPattern-count-one": "{0} tl",
            "unitPattern-count-other": "{0} tl"
          },
          "coordinateUnit": {
            "east": "{0} OL",
            "north": "{0} NB",
            "south": "{0} ZB",
            "west": "{0} WL"
          }
        },
        "narrow": {
          "per": {
            "compoundUnitPattern": "{0}/{1}"
          },
          "acceleration-g-force": {
            "displayName": "G",
            "unitPattern-count-one": "{0} G",
            "unitPattern-count-other": "{0} G"
          },
          "acceleration-meter-per-second-squared": {
            "displayName": "m/s²",
            "unitPattern-count-one": "{0} m/s²",
            "unitPattern-count-other": "{0} m/s²"
          },
          "angle-revolution": {
            "displayName": "tr",
            "unitPattern-count-one": "{0} t",
            "unitPattern-count-other": "{0} t"
          },
          "angle-radian": {
            "displayName": "rad",
            "unitPattern-count-one": "{0} rad",
            "unitPattern-count-other": "{0} rad"
          },
          "angle-degree": {
            "displayName": "°",
            "unitPattern-count-one": "{0}°",
            "unitPattern-count-other": "{0}°"
          },
          "angle-arc-minute": {
            "displayName": "′",
            "unitPattern-count-one": "{0}′",
            "unitPattern-count-other": "{0}′"
          },
          "angle-arc-second": {
            "displayName": "″",
            "unitPattern-count-one": "{0}″",
            "unitPattern-count-other": "{0}″"
          },
          "area-square-kilometer": {
            "displayName": "km²",
            "unitPattern-count-one": "{0} km²",
            "unitPattern-count-other": "{0} km²",
            "perUnitPattern": "{0}/km²"
          },
          "area-hectare": {
            "displayName": "ha",
            "unitPattern-count-one": "{0} ha",
            "unitPattern-count-other": "{0} ha"
          },
          "area-square-meter": {
            "displayName": "m²",
            "unitPattern-count-one": "{0} m²",
            "unitPattern-count-other": "{0} m²",
            "perUnitPattern": "{0}/m²"
          },
          "area-square-centimeter": {
            "displayName": "cm²",
            "unitPattern-count-one": "{0} cm²",
            "unitPattern-count-other": "{0} cm²",
            "perUnitPattern": "{0}/cm²"
          },
          "area-square-mile": {
            "displayName": "mi²",
            "unitPattern-count-one": "{0} mi²",
            "unitPattern-count-other": "{0} mi²",
            "perUnitPattern": "{0}/mi²"
          },
          "area-acre": {
            "displayName": "acre",
            "unitPattern-count-one": "{0} acre",
            "unitPattern-count-other": "{0} acres"
          },
          "area-square-yard": {
            "displayName": "yd²",
            "unitPattern-count-one": "{0} yd²",
            "unitPattern-count-other": "{0} yd²"
          },
          "area-square-foot": {
            "displayName": "ft²",
            "unitPattern-count-one": "{0} ft²",
            "unitPattern-count-other": "{0} ft²"
          },
          "area-square-inch": {
            "displayName": "in²",
            "unitPattern-count-one": "{0} in²",
            "unitPattern-count-other": "{0} in²",
            "perUnitPattern": "{0}/in²"
          },
          "concentr-karat": {
            "displayName": "K",
            "unitPattern-count-one": "{0} K",
            "unitPattern-count-other": "{0} K"
          },
          "concentr-milligram-per-deciliter": {
            "displayName": "mg/dl",
            "unitPattern-count-one": "{0} mg/dl",
            "unitPattern-count-other": "{0} mg/dl"
          },
          "concentr-millimole-per-liter": {
            "displayName": "millimol/liter",
            "unitPattern-count-one": "{0} mmol/l",
            "unitPattern-count-other": "{0} mmol/l"
          },
          "concentr-part-per-million": {
            "displayName": "ppm",
            "unitPattern-count-one": "{0} ppm",
            "unitPattern-count-other": "{0} ppm"
          },
          "consumption-liter-per-kilometer": {
            "displayName": "l/km",
            "unitPattern-count-one": "{0} l/km",
            "unitPattern-count-other": "{0} l/km"
          },
          "consumption-liter-per-100kilometers": {
            "displayName": "l/100km",
            "unitPattern-count-one": "{0} l/100km",
            "unitPattern-count-other": "{0} l/100km"
          },
          "consumption-mile-per-gallon": {
            "displayName": "mpg",
            "unitPattern-count-one": "{0} mpg",
            "unitPattern-count-other": "{0} mpg"
          },
          "consumption-mile-per-gallon-imperial": {
            "displayName": "mijl/imp. gal",
            "unitPattern-count-one": "{0} mpg imp.",
            "unitPattern-count-other": "{0} mpg imp."
          },
          "digital-terabyte": {
            "displayName": "TB",
            "unitPattern-count-one": "{0} TB",
            "unitPattern-count-other": "{0} TB"
          },
          "digital-terabit": {
            "displayName": "Tb",
            "unitPattern-count-one": "{0} Tb",
            "unitPattern-count-other": "{0} Tb"
          },
          "digital-gigabyte": {
            "displayName": "GB",
            "unitPattern-count-one": "{0} GB",
            "unitPattern-count-other": "{0} GB"
          },
          "digital-gigabit": {
            "displayName": "Gb",
            "unitPattern-count-one": "{0} Gb",
            "unitPattern-count-other": "{0} Gb"
          },
          "digital-megabyte": {
            "displayName": "MB",
            "unitPattern-count-one": "{0} MB",
            "unitPattern-count-other": "{0} MB"
          },
          "digital-megabit": {
            "displayName": "Mb",
            "unitPattern-count-one": "{0} Mb",
            "unitPattern-count-other": "{0} Mb"
          },
          "digital-kilobyte": {
            "displayName": "kB",
            "unitPattern-count-one": "{0} kB",
            "unitPattern-count-other": "{0} kB"
          },
          "digital-kilobit": {
            "displayName": "kb",
            "unitPattern-count-one": "{0} kb",
            "unitPattern-count-other": "{0} kb"
          },
          "digital-byte": {
            "displayName": "byte",
            "unitPattern-count-one": "{0} byte",
            "unitPattern-count-other": "{0} byte"
          },
          "digital-bit": {
            "displayName": "bit",
            "unitPattern-count-one": "{0} bit",
            "unitPattern-count-other": "{0} bits"
          },
          "duration-century": {
            "displayName": "eeuwen",
            "unitPattern-count-one": "{0} eeuw",
            "unitPattern-count-other": "{0} eeuwen"
          },
          "duration-year": {
            "displayName": "jr",
            "unitPattern-count-one": "{0} jr",
            "unitPattern-count-other": "{0} jr",
            "perUnitPattern": "{0}/jr"
          },
          "duration-month": {
            "displayName": "m",
            "unitPattern-count-one": "{0} m",
            "unitPattern-count-other": "{0} m",
            "perUnitPattern": "{0}/m"
          },
          "duration-week": {
            "displayName": "w",
            "unitPattern-count-one": "{0} w",
            "unitPattern-count-other": "{0} w",
            "perUnitPattern": "{0}/w"
          },
          "duration-day": {
            "displayName": "d",
            "unitPattern-count-one": "{0} d",
            "unitPattern-count-other": "{0} d",
            "perUnitPattern": "{0}/d"
          },
          "duration-hour": {
            "displayName": "u",
            "unitPattern-count-one": "{0} u",
            "unitPattern-count-other": "{0} u",
            "perUnitPattern": "{0}/u"
          },
          "duration-minute": {
            "displayName": "m",
            "unitPattern-count-one": "{0} m",
            "unitPattern-count-other": "{0} m",
            "perUnitPattern": "{0}/m"
          },
          "duration-second": {
            "displayName": "s",
            "unitPattern-count-one": "{0} s",
            "unitPattern-count-other": "{0} s",
            "perUnitPattern": "{0}/s"
          },
          "duration-millisecond": {
            "displayName": "ms",
            "unitPattern-count-one": "{0} ms",
            "unitPattern-count-other": "{0} ms"
          },
          "duration-microsecond": {
            "displayName": "μs",
            "unitPattern-count-one": "{0} μs",
            "unitPattern-count-other": "{0} μs"
          },
          "duration-nanosecond": {
            "displayName": "ns",
            "unitPattern-count-one": "{0} ns",
            "unitPattern-count-other": "{0} ns"
          },
          "electric-ampere": {
            "displayName": "A",
            "unitPattern-count-one": "{0} A",
            "unitPattern-count-other": "{0} A"
          },
          "electric-milliampere": {
            "displayName": "mA",
            "unitPattern-count-one": "{0} mA",
            "unitPattern-count-other": "{0} mA"
          },
          "electric-ohm": {
            "displayName": "Ω",
            "unitPattern-count-one": "{0} Ω",
            "unitPattern-count-other": "{0} Ω"
          },
          "electric-volt": {
            "displayName": "V",
            "unitPattern-count-one": "{0} V",
            "unitPattern-count-other": "{0} V"
          },
          "energy-kilocalorie": {
            "displayName": "kcal",
            "unitPattern-count-one": "{0} kcal",
            "unitPattern-count-other": "{0} kcal"
          },
          "energy-calorie": {
            "displayName": "cal",
            "unitPattern-count-one": "{0} cal",
            "unitPattern-count-other": "{0} cal"
          },
          "energy-foodcalorie": {
            "displayName": "kcal",
            "unitPattern-count-one": "{0} kcal",
            "unitPattern-count-other": "{0} kcal"
          },
          "energy-kilojoule": {
            "displayName": "kJ",
            "unitPattern-count-one": "{0} kJ",
            "unitPattern-count-other": "{0} kJ"
          },
          "energy-joule": {
            "displayName": "J",
            "unitPattern-count-one": "{0} J",
            "unitPattern-count-other": "{0} J"
          },
          "energy-kilowatt-hour": {
            "displayName": "kWh",
            "unitPattern-count-one": "{0} kWh",
            "unitPattern-count-other": "{0} kWh"
          },
          "frequency-gigahertz": {
            "displayName": "GHz",
            "unitPattern-count-one": "{0} GHz",
            "unitPattern-count-other": "{0} GHz"
          },
          "frequency-megahertz": {
            "displayName": "MHz",
            "unitPattern-count-one": "{0} MHz",
            "unitPattern-count-other": "{0} MHz"
          },
          "frequency-kilohertz": {
            "displayName": "kHz",
            "unitPattern-count-one": "{0} kHz",
            "unitPattern-count-other": "{0} kHz"
          },
          "frequency-hertz": {
            "displayName": "Hz",
            "unitPattern-count-one": "{0} Hz",
            "unitPattern-count-other": "{0} Hz"
          },
          "length-kilometer": {
            "displayName": "km",
            "unitPattern-count-one": "{0} km",
            "unitPattern-count-other": "{0} km",
            "perUnitPattern": "{0}/km"
          },
          "length-meter": {
            "displayName": "m",
            "unitPattern-count-one": "{0} m",
            "unitPattern-count-other": "{0} m",
            "perUnitPattern": "{0}/m"
          },
          "length-decimeter": {
            "displayName": "dm",
            "unitPattern-count-one": "{0} dm",
            "unitPattern-count-other": "{0} dm"
          },
          "length-centimeter": {
            "displayName": "cm",
            "unitPattern-count-one": "{0} cm",
            "unitPattern-count-other": "{0} cm",
            "perUnitPattern": "{0}/cm"
          },
          "length-millimeter": {
            "displayName": "mm",
            "unitPattern-count-one": "{0} mm",
            "unitPattern-count-other": "{0} mm"
          },
          "length-micrometer": {
            "displayName": "µm",
            "unitPattern-count-one": "{0} µm",
            "unitPattern-count-other": "{0} µm"
          },
          "length-nanometer": {
            "displayName": "nm",
            "unitPattern-count-one": "{0} nm",
            "unitPattern-count-other": "{0} nm"
          },
          "length-picometer": {
            "displayName": "pm",
            "unitPattern-count-one": "{0} pm",
            "unitPattern-count-other": "{0} pm"
          },
          "length-mile": {
            "displayName": "mi",
            "unitPattern-count-one": "{0} mi",
            "unitPattern-count-other": "{0} mi"
          },
          "length-yard": {
            "displayName": "yd",
            "unitPattern-count-one": "{0} yd",
            "unitPattern-count-other": "{0} yd"
          },
          "length-foot": {
            "displayName": "ft",
            "unitPattern-count-one": "{0} ft",
            "unitPattern-count-other": "{0} ft",
            "perUnitPattern": "{0}/ft"
          },
          "length-inch": {
            "displayName": "in",
            "unitPattern-count-one": "{0}\\\"",
            "unitPattern-count-other": "{0}\\\"",
            "perUnitPattern": "{0}/in"
          },
          "length-parsec": {
            "displayName": "pc",
            "unitPattern-count-one": "{0} pc",
            "unitPattern-count-other": "{0} pc"
          },
          "length-light-year": {
            "displayName": "lj",
            "unitPattern-count-one": "{0} lj",
            "unitPattern-count-other": "{0} lj"
          },
          "length-astronomical-unit": {
            "displayName": "AE",
            "unitPattern-count-one": "{0} AE",
            "unitPattern-count-other": "{0} AE"
          },
          "length-furlong": {
            "displayName": "fur",
            "unitPattern-count-one": "{0} fur",
            "unitPattern-count-other": "{0} fur"
          },
          "length-fathom": {
            "displayName": "fm",
            "unitPattern-count-one": "{0} fm",
            "unitPattern-count-other": "{0} fm"
          },
          "length-nautical-mile": {
            "displayName": "nmi",
            "unitPattern-count-one": "{0} nmi",
            "unitPattern-count-other": "{0} nmi"
          },
          "length-mile-scandinavian": {
            "displayName": "smi",
            "unitPattern-count-one": "{0} smi",
            "unitPattern-count-other": "{0} smi"
          },
          "length-point": {
            "displayName": "pt",
            "unitPattern-count-one": "{0} pt",
            "unitPattern-count-other": "{0} pt"
          },
          "light-lux": {
            "displayName": "lx",
            "unitPattern-count-one": "{0} lx",
            "unitPattern-count-other": "{0} lx"
          },
          "mass-metric-ton": {
            "displayName": "t",
            "unitPattern-count-one": "{0} t",
            "unitPattern-count-other": "{0} t"
          },
          "mass-kilogram": {
            "displayName": "kg",
            "unitPattern-count-one": "{0} kg",
            "unitPattern-count-other": "{0} kg",
            "perUnitPattern": "{0}/kg"
          },
          "mass-gram": {
            "displayName": "g",
            "unitPattern-count-one": "{0} g",
            "unitPattern-count-other": "{0} g",
            "perUnitPattern": "{0}/g"
          },
          "mass-milligram": {
            "displayName": "mg",
            "unitPattern-count-one": "{0} mg",
            "unitPattern-count-other": "{0} mg"
          },
          "mass-microgram": {
            "displayName": "µg",
            "unitPattern-count-one": "{0} µg",
            "unitPattern-count-other": "{0} µg"
          },
          "mass-ton": {
            "displayName": "ton",
            "unitPattern-count-one": "{0} ton",
            "unitPattern-count-other": "{0} ton"
          },
          "mass-stone": {
            "displayName": "st",
            "unitPattern-count-one": "{0} st",
            "unitPattern-count-other": "{0} st"
          },
          "mass-pound": {
            "displayName": "lb",
            "unitPattern-count-one": "{0} lb",
            "unitPattern-count-other": "{0} lb",
            "perUnitPattern": "{0}/lb"
          },
          "mass-ounce": {
            "displayName": "oz",
            "unitPattern-count-one": "{0} oz",
            "unitPattern-count-other": "{0} oz",
            "perUnitPattern": "{0}/oz"
          },
          "mass-ounce-troy": {
            "displayName": "oz t",
            "unitPattern-count-one": "{0} oz t",
            "unitPattern-count-other": "{0} oz t"
          },
          "mass-carat": {
            "displayName": "CD",
            "unitPattern-count-one": "{0} CD",
            "unitPattern-count-other": "{0} CD"
          },
          "power-gigawatt": {
            "displayName": "GW",
            "unitPattern-count-one": "{0} GW",
            "unitPattern-count-other": "{0} GW"
          },
          "power-megawatt": {
            "displayName": "MW",
            "unitPattern-count-one": "{0} MW",
            "unitPattern-count-other": "{0} MW"
          },
          "power-kilowatt": {
            "displayName": "kW",
            "unitPattern-count-one": "{0} kW",
            "unitPattern-count-other": "{0} kW"
          },
          "power-watt": {
            "displayName": "W",
            "unitPattern-count-one": "{0} W",
            "unitPattern-count-other": "{0} W"
          },
          "power-milliwatt": {
            "displayName": "mW",
            "unitPattern-count-one": "{0} mW",
            "unitPattern-count-other": "{0} mW"
          },
          "power-horsepower": {
            "displayName": "pk",
            "unitPattern-count-one": "{0} pk",
            "unitPattern-count-other": "{0} pk"
          },
          "pressure-hectopascal": {
            "displayName": "hPa",
            "unitPattern-count-one": "{0} hPa",
            "unitPattern-count-other": "{0} hPa"
          },
          "pressure-millimeter-of-mercury": {
            "displayName": "mmHg",
            "unitPattern-count-one": "{0} mmHg",
            "unitPattern-count-other": "{0} mmHg"
          },
          "pressure-pound-per-square-inch": {
            "displayName": "psi",
            "unitPattern-count-one": "{0} psi",
            "unitPattern-count-other": "{0} psi"
          },
          "pressure-inch-hg": {
            "displayName": "inHg",
            "unitPattern-count-one": "{0} inHg",
            "unitPattern-count-other": "{0} inHg"
          },
          "pressure-millibar": {
            "displayName": "mbar",
            "unitPattern-count-one": "{0} mbar",
            "unitPattern-count-other": "{0} mbar"
          },
          "speed-kilometer-per-hour": {
            "displayName": "km/u",
            "unitPattern-count-one": "{0} km/u",
            "unitPattern-count-other": "{0} km/u"
          },
          "speed-meter-per-second": {
            "displayName": "m/s",
            "unitPattern-count-one": "{0} m/s",
            "unitPattern-count-other": "{0} m/s"
          },
          "speed-mile-per-hour": {
            "displayName": "mi/h",
            "unitPattern-count-one": "{0} mi/h",
            "unitPattern-count-other": "{0} mi/h"
          },
          "speed-knot": {
            "displayName": "kt",
            "unitPattern-count-one": "{0} kt",
            "unitPattern-count-other": "{0} kt"
          },
          "temperature-generic": {
            "displayName": "°",
            "unitPattern-count-one": "{0}°",
            "unitPattern-count-other": "{0}°"
          },
          "temperature-celsius": {
            "displayName": "°",
            "unitPattern-count-one": "{0}°",
            "unitPattern-count-other": "{0}°"
          },
          "temperature-fahrenheit": {
            "displayName": "°F",
            "unitPattern-count-one": "{0}°F",
            "unitPattern-count-other": "{0}°F"
          },
          "temperature-kelvin": {
            "displayName": "K",
            "unitPattern-count-one": "{0} K",
            "unitPattern-count-other": "{0} K"
          },
          "volume-cubic-kilometer": {
            "displayName": "km³",
            "unitPattern-count-one": "{0} km³",
            "unitPattern-count-other": "{0} km³"
          },
          "volume-cubic-meter": {
            "displayName": "m³",
            "unitPattern-count-one": "{0} m³",
            "unitPattern-count-other": "{0} m³",
            "perUnitPattern": "{0}/m³"
          },
          "volume-cubic-centimeter": {
            "displayName": "cm³",
            "unitPattern-count-one": "{0} cm³",
            "unitPattern-count-other": "{0} cm³",
            "perUnitPattern": "{0}/cm³"
          },
          "volume-cubic-mile": {
            "displayName": "mi³",
            "unitPattern-count-one": "{0} mi³",
            "unitPattern-count-other": "{0} mi³"
          },
          "volume-cubic-yard": {
            "displayName": "yd³",
            "unitPattern-count-one": "{0} yd³",
            "unitPattern-count-other": "{0} yd³"
          },
          "volume-cubic-foot": {
            "displayName": "ft³",
            "unitPattern-count-one": "{0} ft³",
            "unitPattern-count-other": "{0} ft³"
          },
          "volume-cubic-inch": {
            "displayName": "in³",
            "unitPattern-count-one": "{0} in³",
            "unitPattern-count-other": "{0} in³"
          },
          "volume-megaliter": {
            "displayName": "ML",
            "unitPattern-count-one": "{0} ML",
            "unitPattern-count-other": "{0} ML"
          },
          "volume-hectoliter": {
            "displayName": "hl",
            "unitPattern-count-one": "{0} hl",
            "unitPattern-count-other": "{0} hl"
          },
          "volume-liter": {
            "displayName": "l",
            "unitPattern-count-one": "{0} l",
            "unitPattern-count-other": "{0} l",
            "perUnitPattern": "{0}/l"
          },
          "volume-deciliter": {
            "displayName": "dl",
            "unitPattern-count-one": "{0} dl",
            "unitPattern-count-other": "{0} dl"
          },
          "volume-centiliter": {
            "displayName": "cl",
            "unitPattern-count-one": "{0} cl",
            "unitPattern-count-other": "{0} cl"
          },
          "volume-milliliter": {
            "displayName": "ml",
            "unitPattern-count-one": "{0} ml",
            "unitPattern-count-other": "{0} ml"
          },
          "volume-pint-metric": {
            "displayName": "mpt",
            "unitPattern-count-one": "{0} mpt",
            "unitPattern-count-other": "{0} mpt"
          },
          "volume-cup-metric": {
            "displayName": "mcup",
            "unitPattern-count-one": "{0}mc",
            "unitPattern-count-other": "{0}mc"
          },
          "volume-acre-foot": {
            "displayName": "acre ft",
            "unitPattern-count-one": "{0} l/m²",
            "unitPattern-count-other": "{0} l/m²"
          },
          "volume-bushel": {
            "displayName": "bu",
            "unitPattern-count-one": "{0} bu",
            "unitPattern-count-other": "{0} bu"
          },
          "volume-gallon": {
            "displayName": "gal",
            "unitPattern-count-one": "{0} gal",
            "unitPattern-count-other": "{0} gal",
            "perUnitPattern": "{0}/gal"
          },
          "volume-gallon-imperial": {
            "displayName": "imp. gal",
            "unitPattern-count-one": "{0}galIm",
            "unitPattern-count-other": "{0}galIm",
            "perUnitPattern": "{0}/galIm"
          },
          "volume-quart": {
            "displayName": "qt",
            "unitPattern-count-one": "{0} qt",
            "unitPattern-count-other": "{0} qt"
          },
          "volume-pint": {
            "displayName": "pt",
            "unitPattern-count-one": "{0} pt",
            "unitPattern-count-other": "{0} pt"
          },
          "volume-cup": {
            "displayName": "cup",
            "unitPattern-count-one": "{0} c",
            "unitPattern-count-other": "{0} c"
          },
          "volume-fluid-ounce": {
            "displayName": "fl oz",
            "unitPattern-count-one": "{0} fl oz",
            "unitPattern-count-other": "{0} fl oz"
          },
          "volume-tablespoon": {
            "displayName": "el",
            "unitPattern-count-one": "{0} tbsp",
            "unitPattern-count-other": "{0} tbsp"
          },
          "volume-teaspoon": {
            "displayName": "tl",
            "unitPattern-count-one": "{0} tsp",
            "unitPattern-count-other": "{0} tsp"
          },
          "coordinateUnit": {
            "east": "{0} OL",
            "north": "{0} NB",
            "south": "{0} ZB",
            "west": "{0} WL"
          }
        },
        "durationUnit-type-hm": {
          "durationUnitPattern": "h:mm"
        },
        "durationUnit-type-hms": {
          "durationUnitPattern": "h:mm:ss"
        },
        "durationUnit-type-ms": {
          "durationUnitPattern": "m:ss"
        }
      }
    }
  }
}
