{
  "main": {
    "en": {
      "identity": {
        "version": {
          "_number": "$Revision: 13927 $",
          "_cldrVersion": "33"
        },
        "language": "en"
      },
      "contextTransforms": {
        "calendar-field": {
          "stand-alone": "titlecase-firstword",
          "uiListOrMenu": "titlecase-firstword"
        },
        "keyValue": {
          "stand-alone": "titlecase-firstword",
          "uiListOrMenu": "titlecase-firstword"
        },
        "number-spellout": {
          "stand-alone": "titlecase-firstword",
          "uiListOrMenu": "titlecase-firstword"
        },
        "relative": {
          "stand-alone": "titlecase-firstword",
          "uiListOrMenu": "titlecase-firstword"
        },
        "typographicNames": {
          "stand-alone": "titlecase-firstword",
          "uiListOrMenu": "titlecase-firstword"
        }
      }
    }
  }
}
